service_id,date,exception_type
249232,20260818,1
250373,20260818,1
249283,20260818,1
249285,20260818,1
249334,20260818,1
249427,20260818,1
249432,20260818,1
249436,20260818,1
249439,20260818,1
249456,20260818,1
249504,20260818,1
249505,20260818,1
249506,20260818,1
249508,20260818,1
249509,20260818,1
249666,20260818,1
249667,20260818,1
249668,20260818,1
249671,20260818,1
249672,20260818,1
249683,20260818,1
249684,20260818,1
249685,20260818,1
249730,20260818,1
249733,20260818,1
249734,20260818,1
249903,20260818,1
250058,20260818,1
250189,20260818,1
250244,20260818,1
250283,20260818,1
250284,20260818,1
250339,20260818,1
250363,20260818,1
249245,20260818,1
250244,20260819,1
250189,20260819,1
250284,20260819,1
250339,20260819,1
250363,20260819,1
250373,20260819,1
249232,20260819,1
249245,20260819,1
249283,20260819,1
249285,20260819,1
249334,20260819,1
249427,20260819,1
249432,20260819,1
249436,20260819,1
249439,20260819,1
249456,20260819,1
249504,20260819,1
249505,20260819,1
249506,20260819,1
249508,20260819,1
249509,20260819,1
249666,20260819,1
249667,20260819,1
249668,20260819,1
249671,20260819,1
249672,20260819,1
249683,20260819,1
249684,20260819,1
249685,20260819,1
249730,20260819,1
249733,20260819,1
249734,20260819,1
249903,20260819,1
250058,20260819,1
250283,20260819,1
249232,20260820,1
250373,20260820,1
249283,20260820,1
249285,20260820,1
249334,20260820,1
249427,20260820,1
249432,20260820,1
249436,20260820,1
249439,20260820,1
249456,20260820,1
249504,20260820,1
249505,20260820,1
249506,20260820,1
249508,20260820,1
249509,20260820,1
249666,20260820,1
249667,20260820,1
249668,20260820,1
249671,20260820,1
249672,20260820,1
249683,20260820,1
249684,20260820,1
249685,20260820,1
249730,20260820,1
249733,20260820,1
249734,20260820,1
249903,20260820,1
250058,20260820,1
250189,20260820,1
250244,20260820,1
250283,20260820,1
250284,20260820,1
250339,20260820,1
250363,20260820,1
249245,20260820,1
249734,20260821,1
249733,20260821,1
250189,20260821,1
250244,20260821,1
250283,20260821,1
250284,20260821,1
250339,20260821,1
250373,20260821,1
249232,20260821,1
249245,20260821,1
249283,20260821,1
249285,20260821,1
249334,20260821,1
249427,20260821,1
249432,20260821,1
249436,20260821,1
249439,20260821,1
249456,20260821,1
249504,20260821,1
249505,20260821,1
249506,20260821,1
249508,20260821,1
249509,20260821,1
249666,20260821,1
249667,20260821,1
249668,20260821,1
249671,20260821,1
249672,20260821,1
249682,20260821,1
249730,20260821,1
250058,20260821,1
249234,20260822,1
251082,20260822,1
249245,20260822,1
249334,20260822,1
249339,20260822,1
249407,20260822,1
249887,20260822,1
249904,20260822,1
249940,20260822,1
249954,20260822,1
249966,20260822,1
250047,20260822,1
250048,20260822,1
250049,20260822,1
250052,20260822,1
250053,20260822,1
250188,20260822,1
250206,20260822,1
250244,20260822,1
250247,20260822,1
250429,20260822,1
250430,20260822,1
250431,20260822,1
250604,20260822,1
251080,20260822,1
251081,20260822,1
249235,20260822,1
249234,20260823,1
251082,20260823,1
249240,20260823,1
249339,20260823,1
249407,20260823,1
249887,20260823,1
249904,20260823,1
249940,20260823,1
249954,20260823,1
249966,20260823,1
250047,20260823,1
250048,20260823,1
250049,20260823,1
250052,20260823,1
250053,20260823,1
250188,20260823,1
250206,20260823,1
250244,20260823,1
250247,20260823,1
250429,20260823,1
250430,20260823,1
250431,20260823,1
250604,20260823,1
251080,20260823,1
251081,20260823,1
249235,20260823,1
249285,20260824,1
249283,20260824,1
249432,20260824,1
249436,20260824,1
249439,20260824,1
249456,20260824,1
249504,20260824,1
249505,20260824,1
249506,20260824,1
249508,20260824,1
249509,20260824,1
249666,20260824,1
249667,20260824,1
249668,20260824,1
249671,20260824,1
249672,20260824,1
249683,20260824,1
249684,20260824,1
249685,20260824,1
249730,20260824,1
249733,20260824,1
249734,20260824,1
249887,20260824,1
249903,20260824,1
250058,20260824,1
250189,20260824,1
250244,20260824,1
250283,20260824,1
250284,20260824,1
250339,20260824,1
250363,20260824,1
250373,20260824,1
249232,20260824,1
249240,20260824,1
249427,20260824,1
250339,20260825,1
250363,20260825,1
250373,20260825,1
249232,20260825,1
249245,20260825,1
249283,20260825,1
249285,20260825,1
249334,20260825,1
249427,20260825,1
249432,20260825,1
249436,20260825,1
249439,20260825,1
249456,20260825,1
249504,20260825,1
249505,20260825,1
249506,20260825,1
249508,20260825,1
249509,20260825,1
249666,20260825,1
249667,20260825,1
249668,20260825,1
249671,20260825,1
249672,20260825,1
249683,20260825,1
249684,20260825,1
249685,20260825,1
249730,20260825,1
249733,20260825,1
249734,20260825,1
249903,20260825,1
250058,20260825,1
250189,20260825,1
250244,20260825,1
250283,20260825,1
250284,20260825,1
249232,20260826,1
250373,20260826,1
249283,20260826,1
249285,20260826,1
249334,20260826,1
249427,20260826,1
249432,20260826,1
249436,20260826,1
249439,20260826,1
249456,20260826,1
249504,20260826,1
249505,20260826,1
249506,20260826,1
249508,20260826,1
249509,20260826,1
249666,20260826,1
249667,20260826,1
249668,20260826,1
249671,20260826,1
249672,20260826,1
249683,20260826,1
249684,20260826,1
249685,20260826,1
249730,20260826,1
249733,20260826,1
249734,20260826,1
249903,20260826,1
250058,20260826,1
250189,20260826,1
250244,20260826,1
250283,20260826,1
250284,20260826,1
250339,20260826,1
250363,20260826,1
249245,20260826,1
249903,20260827,1
249734,20260827,1
250189,20260827,1
250244,20260827,1
250283,20260827,1
250284,20260827,1
250339,20260827,1
250363,20260827,1
250373,20260827,1
249232,20260827,1
249245,20260827,1
249283,20260827,1
249285,20260827,1
249334,20260827,1
249427,20260827,1
249432,20260827,1
249436,20260827,1
249439,20260827,1
249456,20260827,1
249504,20260827,1
249505,20260827,1
249506,20260827,1
249508,20260827,1
249509,20260827,1
249666,20260827,1
249667,20260827,1
249668,20260827,1
249671,20260827,1
249672,20260827,1
249683,20260827,1
249684,20260827,1
249685,20260827,1
249730,20260827,1
249733,20260827,1
250058,20260827,1
249232,20260828,1
250373,20260828,1
249283,20260828,1
249285,20260828,1
249334,20260828,1
249427,20260828,1
249432,20260828,1
249436,20260828,1
249439,20260828,1
249456,20260828,1
249504,20260828,1
249505,20260828,1
249506,20260828,1
249508,20260828,1
249509,20260828,1
249666,20260828,1
249667,20260828,1
249668,20260828,1
249671,20260828,1
249672,20260828,1
249682,20260828,1
249730,20260828,1
249733,20260828,1
249734,20260828,1
250058,20260828,1
250189,20260828,1
250244,20260828,1
250283,20260828,1
250284,20260828,1
250339,20260828,1
249245,20260828,1
251080,20260829,1
250604,20260829,1
251082,20260829,1
249234,20260829,1
249235,20260829,1
249245,20260829,1
249334,20260829,1
249339,20260829,1
249407,20260829,1
249887,20260829,1
249904,20260829,1
249940,20260829,1
249954,20260829,1
249966,20260829,1
250047,20260829,1
250048,20260829,1
250049,20260829,1
250052,20260829,1
250053,20260829,1
250188,20260829,1
250206,20260829,1
250244,20260829,1
250247,20260829,1
250429,20260829,1
250430,20260829,1
250431,20260829,1
251081,20260829,1
249234,20260830,1
251082,20260830,1
249240,20260830,1
249339,20260830,1
249407,20260830,1
249887,20260830,1
249904,20260830,1
249940,20260830,1
249954,20260830,1
249966,20260830,1
250047,20260830,1
250048,20260830,1
250049,20260830,1
250052,20260830,1
250053,20260830,1
250188,20260830,1
250206,20260830,1
250244,20260830,1
250247,20260830,1
250429,20260830,1
250430,20260830,1
250431,20260830,1
250604,20260830,1
251080,20260830,1
251081,20260830,1
249235,20260830,1
249232,20260831,1
250373,20260831,1
249283,20260831,1
249285,20260831,1
249427,20260831,1
249432,20260831,1
249436,20260831,1
249439,20260831,1
249456,20260831,1
249504,20260831,1
249505,20260831,1
249506,20260831,1
249508,20260831,1
249509,20260831,1
249666,20260831,1
249667,20260831,1
249668,20260831,1
249671,20260831,1
249672,20260831,1
249683,20260831,1
249684,20260831,1
249685,20260831,1
249730,20260831,1
249733,20260831,1
249734,20260831,1
249887,20260831,1
249903,20260831,1
250058,20260831,1
250189,20260831,1
250244,20260831,1
250283,20260831,1
250284,20260831,1
250339,20260831,1
250363,20260831,1
249240,20260831,1
249232,20260901,1
250373,20260901,1
249283,20260901,1
249285,20260901,1
249334,20260901,1
249427,20260901,1
249432,20260901,1
249436,20260901,1
249439,20260901,1
249456,20260901,1
249504,20260901,1
249505,20260901,1
249506,20260901,1
249508,20260901,1
249509,20260901,1
249666,20260901,1
249667,20260901,1
249668,20260901,1
249671,20260901,1
249672,20260901,1
249683,20260901,1
249684,20260901,1
249685,20260901,1
249730,20260901,1
249733,20260901,1
249734,20260901,1
249903,20260901,1
250058,20260901,1
250189,20260901,1
250244,20260901,1
250283,20260901,1
250284,20260901,1
250339,20260901,1
250363,20260901,1
249245,20260901,1
250244,20260902,1
250189,20260902,1
250284,20260902,1
250339,20260902,1
250363,20260902,1
250373,20260902,1
249232,20260902,1
249245,20260902,1
249283,20260902,1
249285,20260902,1
249334,20260902,1
249427,20260902,1
249432,20260902,1
249436,20260902,1
249439,20260902,1
249456,20260902,1
249504,20260902,1
249505,20260902,1
249506,20260902,1
249508,20260902,1
249509,20260902,1
249666,20260902,1
249667,20260902,1
249668,20260902,1
249671,20260902,1
249672,20260902,1
249683,20260902,1
249684,20260902,1
249685,20260902,1
249730,20260902,1
249733,20260902,1
249734,20260902,1
249903,20260902,1
250058,20260902,1
250283,20260902,1
249232,20260903,1
250373,20260903,1
249283,20260903,1
249285,20260903,1
249334,20260903,1
249427,20260903,1
249432,20260903,1
249436,20260903,1
249439,20260903,1
249456,20260903,1
249504,20260903,1
249505,20260903,1
249506,20260903,1
249508,20260903,1
249509,20260903,1
249666,20260903,1
249667,20260903,1
249668,20260903,1
249671,20260903,1
249672,20260903,1
249683,20260903,1
249684,20260903,1
249685,20260903,1
249730,20260903,1
249733,20260903,1
249734,20260903,1
249903,20260903,1
250058,20260903,1
250189,20260903,1
250244,20260903,1
250283,20260903,1
250284,20260903,1
250339,20260903,1
250363,20260903,1
249245,20260903,1
249730,20260904,1
249684,20260904,1
249734,20260904,1
249903,20260904,1
250244,20260904,1
250283,20260904,1
250284,20260904,1
250363,20260904,1
249231,20260904,1
249232,20260904,1
249245,20260904,1
249283,20260904,1
249334,20260904,1
249337,20260904,1
249403,20260904,1
249427,20260904,1
249432,20260904,1
249436,20260904,1
249456,20260904,1
249504,20260904,1
249505,20260904,1
249506,20260904,1
249508,20260904,1
249509,20260904,1
249666,20260904,1
249667,20260904,1
249668,20260904,1
249671,20260904,1
249672,20260904,1
249683,20260904,1
249733,20260904,1
249234,20260905,1
251082,20260905,1
249245,20260905,1
249334,20260905,1
249339,20260905,1
249407,20260905,1
249887,20260905,1
249904,20260905,1
249940,20260905,1
249954,20260905,1
249966,20260905,1
250047,20260905,1
250048,20260905,1
250049,20260905,1
250052,20260905,1
250053,20260905,1
250188,20260905,1
250206,20260905,1
250244,20260905,1
250247,20260905,1
250429,20260905,1
250430,20260905,1
250431,20260905,1
250604,20260905,1
251080,20260905,1
251081,20260905,1
249235,20260905,1
249234,20260906,1
251082,20260906,1
249240,20260906,1
249339,20260906,1
249407,20260906,1
249887,20260906,1
249904,20260906,1
249940,20260906,1
249954,20260906,1
249966,20260906,1
250047,20260906,1
250048,20260906,1
250049,20260906,1
250052,20260906,1
250053,20260906,1
250188,20260906,1
250206,20260906,1
250244,20260906,1
250247,20260906,1
250429,20260906,1
250430,20260906,1
250431,20260906,1
250604,20260906,1
251080,20260906,1
251081,20260906,1
249235,20260906,1
249240,20260907,1
249235,20260907,1
249407,20260907,1
249887,20260907,1
249904,20260907,1
249940,20260907,1
249954,20260907,1
249966,20260907,1
250047,20260907,1
250048,20260907,1
250049,20260907,1
250052,20260907,1
250053,20260907,1
250188,20260907,1
250206,20260907,1
250244,20260907,1
250247,20260907,1
250429,20260907,1
250430,20260907,1
250431,20260907,1
250604,20260907,1
251080,20260907,1
251081,20260907,1
251082,20260907,1
249224,20260907,1
249234,20260907,1
249339,20260907,1
249232,20260908,1
250373,20260908,1
249283,20260908,1
249285,20260908,1
249427,20260908,1
249432,20260908,1
249436,20260908,1
249439,20260908,1
249456,20260908,1
249504,20260908,1
249505,20260908,1
249506,20260908,1
249508,20260908,1
249509,20260908,1
249666,20260908,1
249667,20260908,1
249668,20260908,1
249671,20260908,1
249672,20260908,1
249683,20260908,1
249684,20260908,1
249685,20260908,1
249730,20260908,1
249733,20260908,1
249734,20260908,1
249887,20260908,1
249903,20260908,1
250058,20260908,1
250189,20260908,1
250244,20260908,1
250283,20260908,1
250284,20260908,1
250339,20260908,1
250363,20260908,1
249240,20260908,1
249427,20260909,1
249334,20260909,1
249436,20260909,1
249439,20260909,1
249456,20260909,1
249504,20260909,1
249505,20260909,1
249506,20260909,1
249508,20260909,1
249509,20260909,1
249666,20260909,1
249667,20260909,1
249668,20260909,1
249671,20260909,1
249672,20260909,1
249683,20260909,1
249684,20260909,1
249685,20260909,1
249730,20260909,1
249733,20260909,1
249734,20260909,1
249903,20260909,1
250058,20260909,1
250189,20260909,1
250244,20260909,1
250283,20260909,1
250284,20260909,1
250339,20260909,1
250363,20260909,1
250373,20260909,1
249232,20260909,1
249245,20260909,1
249283,20260909,1
249285,20260909,1
249432,20260909,1
250373,20260910,1
250363,20260910,1
249245,20260910,1
249283,20260910,1
249285,20260910,1
249334,20260910,1
249427,20260910,1
249432,20260910,1
249436,20260910,1
249439,20260910,1
249456,20260910,1
249504,20260910,1
249505,20260910,1
249506,20260910,1
249508,20260910,1
249509,20260910,1
249666,20260910,1
249667,20260910,1
249668,20260910,1
249671,20260910,1
249672,20260910,1
249683,20260910,1
249684,20260910,1
249685,20260910,1
249730,20260910,1
249733,20260910,1
249734,20260910,1
249903,20260910,1
250058,20260910,1
250189,20260910,1
250244,20260910,1
250283,20260910,1
250284,20260910,1
250339,20260910,1
249232,20260910,1
249232,20260911,1
250373,20260911,1
249283,20260911,1
249285,20260911,1
249334,20260911,1
249427,20260911,1
249432,20260911,1
249436,20260911,1
249439,20260911,1
249456,20260911,1
249504,20260911,1
249505,20260911,1
249506,20260911,1
249508,20260911,1
249509,20260911,1
249666,20260911,1
249667,20260911,1
249668,20260911,1
249671,20260911,1
249672,20260911,1
249683,20260911,1
249684,20260911,1
249685,20260911,1
249730,20260911,1
249733,20260911,1
249734,20260911,1
249903,20260911,1
250058,20260911,1
250189,20260911,1
250244,20260911,1
250283,20260911,1
250284,20260911,1
250339,20260911,1
250363,20260911,1
249245,20260911,1
249234,20260912,1
251082,20260912,1
249245,20260912,1
249334,20260912,1
249339,20260912,1
249407,20260912,1
249887,20260912,1
249904,20260912,1
249940,20260912,1
249954,20260912,1
249966,20260912,1
250047,20260912,1
250048,20260912,1
250049,20260912,1
250052,20260912,1
250053,20260912,1
250188,20260912,1
250206,20260912,1
250244,20260912,1
250247,20260912,1
250429,20260912,1
250430,20260912,1
250431,20260912,1
250604,20260912,1
251080,20260912,1
251081,20260912,1
249235,20260912,1
249235,20260913,1
249234,20260913,1
249339,20260913,1
249407,20260913,1
249887,20260913,1
249904,20260913,1
249940,20260913,1
249954,20260913,1
249966,20260913,1
250047,20260913,1
250048,20260913,1
250049,20260913,1
250052,20260913,1
250053,20260913,1
250188,20260913,1
250206,20260913,1
250244,20260913,1
250247,20260913,1
250429,20260913,1
250430,20260913,1
250431,20260913,1
250604,20260913,1
251080,20260913,1
251081,20260913,1
251082,20260913,1
249240,20260913,1
249232,20260914,1
250373,20260914,1
249283,20260914,1
249285,20260914,1
249427,20260914,1
249432,20260914,1
249436,20260914,1
249439,20260914,1
249456,20260914,1
249504,20260914,1
249505,20260914,1
249506,20260914,1
249508,20260914,1
249509,20260914,1
249666,20260914,1
249667,20260914,1
249668,20260914,1
249671,20260914,1
249672,20260914,1
249683,20260914,1
249684,20260914,1
249685,20260914,1
249730,20260914,1
249733,20260914,1
249734,20260914,1
249887,20260914,1
249903,20260914,1
250058,20260914,1
250189,20260914,1
250244,20260914,1
250283,20260914,1
250284,20260914,1
250339,20260914,1
250363,20260914,1
249240,20260914,1
249334,20260915,1
249285,20260915,1
249432,20260915,1
249436,20260915,1
249439,20260915,1
249456,20260915,1
249504,20260915,1
249505,20260915,1
249506,20260915,1
249508,20260915,1
249509,20260915,1
249666,20260915,1
249667,20260915,1
249668,20260915,1
249671,20260915,1
249672,20260915,1
249683,20260915,1
249684,20260915,1
249685,20260915,1
249730,20260915,1
249733,20260915,1
249734,20260915,1
249903,20260915,1
250058,20260915,1
250189,20260915,1
250244,20260915,1
250283,20260915,1
250284,20260915,1
250339,20260915,1
250363,20260915,1
250373,20260915,1
249232,20260915,1
249245,20260915,1
249283,20260915,1
249427,20260915,1
250363,20260916,1
250373,20260916,1
249232,20260916,1
249245,20260916,1
249283,20260916,1
249285,20260916,1
249334,20260916,1
249427,20260916,1
249432,20260916,1
249436,20260916,1
249439,20260916,1
249456,20260916,1
249504,20260916,1
249505,20260916,1
249506,20260916,1
249508,20260916,1
249509,20260916,1
249666,20260916,1
249667,20260916,1
249668,20260916,1
249671,20260916,1
249672,20260916,1
249683,20260916,1
249684,20260916,1
249685,20260916,1
249730,20260916,1
249733,20260916,1
249734,20260916,1
249903,20260916,1
250058,20260916,1
250189,20260916,1
250244,20260916,1
250283,20260916,1
250284,20260916,1
250339,20260916,1
249232,20260917,1
250373,20260917,1
249283,20260917,1
249285,20260917,1
249334,20260917,1
249427,20260917,1
249432,20260917,1
249436,20260917,1
249439,20260917,1
249456,20260917,1
249504,20260917,1
249505,20260917,1
249506,20260917,1
249508,20260917,1
249509,20260917,1
249666,20260917,1
249667,20260917,1
249668,20260917,1
249671,20260917,1
249672,20260917,1
249683,20260917,1
249684,20260917,1
249685,20260917,1
249730,20260917,1
249733,20260917,1
249734,20260917,1
249903,20260917,1
250058,20260917,1
250189,20260917,1
250244,20260917,1
250283,20260917,1
250284,20260917,1
250339,20260917,1
250363,20260917,1
249245,20260917,1
250058,20260918,1
249903,20260918,1
250244,20260918,1
250283,20260918,1
250284,20260918,1
250339,20260918,1
250363,20260918,1
250373,20260918,1
249232,20260918,1
249245,20260918,1
249283,20260918,1
249285,20260918,1
249334,20260918,1
249427,20260918,1
249432,20260918,1
249436,20260918,1
249439,20260918,1
249456,20260918,1
249504,20260918,1
249505,20260918,1
249506,20260918,1
249508,20260918,1
249509,20260918,1
249666,20260918,1
249667,20260918,1
249668,20260918,1
249671,20260918,1
249672,20260918,1
249683,20260918,1
249684,20260918,1
249685,20260918,1
249730,20260918,1
249733,20260918,1
249734,20260918,1
250189,20260918,1
249235,20260919,1
251082,20260919,1
249245,20260919,1
249334,20260919,1
249339,20260919,1
249407,20260919,1
249887,20260919,1
249904,20260919,1
249940,20260919,1
249966,20260919,1
250047,20260919,1
250048,20260919,1
250049,20260919,1
250052,20260919,1
250053,20260919,1
250244,20260919,1
250247,20260919,1
250429,20260919,1
250430,20260919,1
250431,20260919,1
250604,20260919,1
251080,20260919,1
251081,20260919,1
249236,20260919,1
249235,20260920,1
251082,20260920,1
249240,20260920,1
249339,20260920,1
249407,20260920,1
249887,20260920,1
249904,20260920,1
249940,20260920,1
249966,20260920,1
250047,20260920,1
250048,20260920,1
250049,20260920,1
250052,20260920,1
250053,20260920,1
250244,20260920,1
250247,20260920,1
250429,20260920,1
250430,20260920,1
250431,20260920,1
250604,20260920,1
251080,20260920,1
251081,20260920,1
249236,20260920,1
249504,20260921,1
249456,20260921,1
249506,20260921,1
249508,20260921,1
249509,20260921,1
249666,20260921,1
249667,20260921,1
249668,20260921,1
249671,20260921,1
249672,20260921,1
249683,20260921,1
249684,20260921,1
249685,20260921,1
249730,20260921,1
249733,20260921,1
249734,20260921,1
249887,20260921,1
249903,20260921,1
250058,20260921,1
250189,20260921,1
250244,20260921,1
250283,20260921,1
250284,20260921,1
250339,20260921,1
250363,20260921,1
250373,20260921,1
249232,20260921,1
249240,20260921,1
249283,20260921,1
249285,20260921,1
249427,20260921,1
249432,20260921,1
249436,20260921,1
249439,20260921,1
249505,20260921,1
249232,20260922,1
250373,20260922,1
249283,20260922,1
249285,20260922,1
249334,20260922,1
249427,20260922,1
249432,20260922,1
249436,20260922,1
249439,20260922,1
249456,20260922,1
249504,20260922,1
249505,20260922,1
249506,20260922,1
249508,20260922,1
249509,20260922,1
249666,20260922,1
249667,20260922,1
249668,20260922,1
249671,20260922,1
249672,20260922,1
249683,20260922,1
249684,20260922,1
249685,20260922,1
249730,20260922,1
249733,20260922,1
249734,20260922,1
249903,20260922,1
250058,20260922,1
250189,20260922,1
250244,20260922,1
250283,20260922,1
250284,20260922,1
250339,20260922,1
250363,20260922,1
249245,20260922,1
249285,20260923,1
249283,20260923,1
249427,20260923,1
249432,20260923,1
249436,20260923,1
249439,20260923,1
249456,20260923,1
249504,20260923,1
249505,20260923,1
249506,20260923,1
249508,20260923,1
249509,20260923,1
249666,20260923,1
249667,20260923,1
249668,20260923,1
249671,20260923,1
249672,20260923,1
249683,20260923,1
249684,20260923,1
249685,20260923,1
249730,20260923,1
249733,20260923,1
249734,20260923,1
249903,20260923,1
250058,20260923,1
250189,20260923,1
250244,20260923,1
250283,20260923,1
250284,20260923,1
250339,20260923,1
250363,20260923,1
250373,20260923,1
249232,20260923,1
249245,20260923,1
249334,20260923,1
250339,20260924,1
250284,20260924,1
250373,20260924,1
249232,20260924,1
249245,20260924,1
249283,20260924,1
249285,20260924,1
249334,20260924,1
249427,20260924,1
249432,20260924,1
249436,20260924,1
249439,20260924,1
249456,20260924,1
249504,20260924,1
249505,20260924,1
249506,20260924,1
249508,20260924,1
249509,20260924,1
249666,20260924,1
249667,20260924,1
249668,20260924,1
249671,20260924,1
249672,20260924,1
249683,20260924,1
249684,20260924,1
249685,20260924,1
249730,20260924,1
249733,20260924,1
249734,20260924,1
249903,20260924,1
250058,20260924,1
250189,20260924,1
250244,20260924,1
250283,20260924,1
250363,20260924,1
249232,20260925,1
250373,20260925,1
249283,20260925,1
249285,20260925,1
249334,20260925,1
249427,20260925,1
249432,20260925,1
249436,20260925,1
249439,20260925,1
249456,20260925,1
249504,20260925,1
249505,20260925,1
249506,20260925,1
249508,20260925,1
249509,20260925,1
249666,20260925,1
249667,20260925,1
249668,20260925,1
249671,20260925,1
249672,20260925,1
249683,20260925,1
249684,20260925,1
249685,20260925,1
249730,20260925,1
249733,20260925,1
249734,20260925,1
249903,20260925,1
250058,20260925,1
250189,20260925,1
250244,20260925,1
250283,20260925,1
250284,20260925,1
250339,20260925,1
250363,20260925,1
249245,20260925,1
249235,20260926,1
251082,20260926,1
249245,20260926,1
249334,20260926,1
249339,20260926,1
249407,20260926,1
249887,20260926,1
249904,20260926,1
249940,20260926,1
249966,20260926,1
250047,20260926,1
250048,20260926,1
250049,20260926,1
250052,20260926,1
250053,20260926,1
250244,20260926,1
250247,20260926,1
250429,20260926,1
250430,20260926,1
250431,20260926,1
250604,20260926,1
251080,20260926,1
251081,20260926,1
249236,20260926,1
249240,20260927,1
249236,20260927,1
249887,20260927,1
249904,20260927,1
249940,20260927,1
249966,20260927,1
250047,20260927,1
250048,20260927,1
250049,20260927,1
250052,20260927,1
250053,20260927,1
250244,20260927,1
250247,20260927,1
250429,20260927,1
250430,20260927,1
250431,20260927,1
250604,20260927,1
251080,20260927,1
251081,20260927,1
251082,20260927,1
249235,20260927,1
249339,20260927,1
249232,20260928,1
250373,20260928,1
249283,20260928,1
249285,20260928,1
249427,20260928,1
249432,20260928,1
249436,20260928,1
249439,20260928,1
249456,20260928,1
249504,20260928,1
249505,20260928,1
249506,20260928,1
249508,20260928,1
249509,20260928,1
249666,20260928,1
249667,20260928,1
249668,20260928,1
249671,20260928,1
249672,20260928,1
249683,20260928,1
249684,20260928,1
249685,20260928,1
249730,20260928,1
249733,20260928,1
249734,20260928,1
249887,20260928,1
249903,20260928,1
250058,20260928,1
250189,20260928,1
250244,20260928,1
250283,20260928,1
250284,20260928,1
250339,20260928,1
250363,20260928,1
249240,20260928,1
249456,20260929,1
249439,20260929,1
249505,20260929,1
249506,20260929,1
249508,20260929,1
249509,20260929,1
249666,20260929,1
249667,20260929,1
249668,20260929,1
249671,20260929,1
249672,20260929,1
249683,20260929,1
249684,20260929,1
249685,20260929,1
249730,20260929,1
249733,20260929,1
249734,20260929,1
249903,20260929,1
250058,20260929,1
250189,20260929,1
250244,20260929,1
250283,20260929,1
250284,20260929,1
250339,20260929,1
250363,20260929,1
250373,20260929,1
249232,20260929,1
249245,20260929,1
249283,20260929,1
249285,20260929,1
249334,20260929,1
249427,20260929,1
249432,20260929,1
249436,20260929,1
249504,20260929,1
249232,20260930,1
250373,20260930,1
249283,20260930,1
249285,20260930,1
249334,20260930,1
249427,20260930,1
249432,20260930,1
249436,20260930,1
249439,20260930,1
249456,20260930,1
249504,20260930,1
249505,20260930,1
249506,20260930,1
249508,20260930,1
249509,20260930,1
249666,20260930,1
249667,20260930,1
249668,20260930,1
249671,20260930,1
249672,20260930,1
249683,20260930,1
249684,20260930,1
249685,20260930,1
249730,20260930,1
249733,20260930,1
249734,20260930,1
249903,20260930,1
250058,20260930,1
250189,20260930,1
250244,20260930,1
250283,20260930,1
250284,20260930,1
250339,20260930,1
250363,20260930,1
249245,20260930,1
249232,20261001,1
250373,20261001,1
249283,20261001,1
249285,20261001,1
249334,20261001,1
249427,20261001,1
249432,20261001,1
249436,20261001,1
249439,20261001,1
249456,20261001,1
249504,20261001,1
249505,20261001,1
249506,20261001,1
249508,20261001,1
249509,20261001,1
249666,20261001,1
249667,20261001,1
249668,20261001,1
249671,20261001,1
249672,20261001,1
249683,20261001,1
249684,20261001,1
249685,20261001,1
249730,20261001,1
249733,20261001,1
249734,20261001,1
249903,20261001,1
250058,20261001,1
250189,20261001,1
250244,20261001,1
250283,20261001,1
250284,20261001,1
250339,20261001,1
250363,20261001,1
249245,20261001,1
250244,20261002,1
250189,20261002,1
250284,20261002,1
250339,20261002,1
250363,20261002,1
250373,20261002,1
249232,20261002,1
249245,20261002,1
249283,20261002,1
249285,20261002,1
249334,20261002,1
249427,20261002,1
249432,20261002,1
249436,20261002,1
249439,20261002,1
249456,20261002,1
249504,20261002,1
249505,20261002,1
249506,20261002,1
249508,20261002,1
249509,20261002,1
249666,20261002,1
249667,20261002,1
249668,20261002,1
249671,20261002,1
249672,20261002,1
249683,20261002,1
249684,20261002,1
249685,20261002,1
249730,20261002,1
249733,20261002,1
249734,20261002,1
249903,20261002,1
250058,20261002,1
250283,20261002,1
249235,20261003,1
251082,20261003,1
249245,20261003,1
249334,20261003,1
249339,20261003,1
249887,20261003,1
249904,20261003,1
249940,20261003,1
249966,20261003,1
250047,20261003,1
250048,20261003,1
250049,20261003,1
250052,20261003,1
250053,20261003,1
250244,20261003,1
250247,20261003,1
250429,20261003,1
250430,20261003,1
250431,20261003,1
250604,20261003,1
251080,20261003,1
251081,20261003,1
249236,20261003,1
249235,20261004,1
251082,20261004,1
249240,20261004,1
249339,20261004,1
249887,20261004,1
249904,20261004,1
249940,20261004,1
249966,20261004,1
250047,20261004,1
250048,20261004,1
250049,20261004,1
250052,20261004,1
250053,20261004,1
250244,20261004,1
250247,20261004,1
250429,20261004,1
250430,20261004,1
250431,20261004,1
250604,20261004,1
251080,20261004,1
251081,20261004,1
249236,20261004,1
249509,20261005,1
249508,20261005,1
249667,20261005,1
249668,20261005,1
249671,20261005,1
249672,20261005,1
249683,20261005,1
249684,20261005,1
249685,20261005,1
249730,20261005,1
249733,20261005,1
249734,20261005,1
249887,20261005,1
249903,20261005,1
250058,20261005,1
250189,20261005,1
250244,20261005,1
250283,20261005,1
250284,20261005,1
250339,20261005,1
250363,20261005,1
250373,20261005,1
249232,20261005,1
249240,20261005,1
249283,20261005,1
249285,20261005,1
249427,20261005,1
249432,20261005,1
249436,20261005,1
249439,20261005,1
249456,20261005,1
249504,20261005,1
249505,20261005,1
249506,20261005,1
249666,20261005,1
249232,20261006,1
250373,20261006,1
249283,20261006,1
249285,20261006,1
249334,20261006,1
249427,20261006,1
249432,20261006,1
249436,20261006,1
249439,20261006,1
249456,20261006,1
249504,20261006,1
249505,20261006,1
249506,20261006,1
249508,20261006,1
249509,20261006,1
249666,20261006,1
249667,20261006,1
249668,20261006,1
249671,20261006,1
249672,20261006,1
249683,20261006,1
249684,20261006,1
249685,20261006,1
249730,20261006,1
249733,20261006,1
249734,20261006,1
249903,20261006,1
250058,20261006,1
250189,20261006,1
250244,20261006,1
250283,20261006,1
250284,20261006,1
250339,20261006,1
250363,20261006,1
249245,20261006,1
249436,20261007,1
249432,20261007,1
249456,20261007,1
249504,20261007,1
249505,20261007,1
249506,20261007,1
249508,20261007,1
249509,20261007,1
249666,20261007,1
249667,20261007,1
249668,20261007,1
249671,20261007,1
249672,20261007,1
249683,20261007,1
249684,20261007,1
249685,20261007,1
249730,20261007,1
249733,20261007,1
249734,20261007,1
249903,20261007,1
250058,20261007,1
250189,20261007,1
250244,20261007,1
250283,20261007,1
250284,20261007,1
250339,20261007,1
250363,20261007,1
250373,20261007,1
249232,20261007,1
249245,20261007,1
249283,20261007,1
249285,20261007,1
249334,20261007,1
249427,20261007,1
249439,20261007,1
249232,20261008,1
250373,20261008,1
249283,20261008,1
249285,20261008,1
249334,20261008,1
249427,20261008,1
249432,20261008,1
249436,20261008,1
249439,20261008,1
249456,20261008,1
249504,20261008,1
249505,20261008,1
249506,20261008,1
249508,20261008,1
249509,20261008,1
249666,20261008,1
249667,20261008,1
249668,20261008,1
249671,20261008,1
249672,20261008,1
249683,20261008,1
249684,20261008,1
249685,20261008,1
249730,20261008,1
249733,20261008,1
249734,20261008,1
249903,20261008,1
250058,20261008,1
250189,20261008,1
250244,20261008,1
250283,20261008,1
250284,20261008,1
250339,20261008,1
250363,20261008,1
249245,20261008,1
249245,20261009,1
249232,20261009,1
249285,20261009,1
249334,20261009,1
249427,20261009,1
249432,20261009,1
249436,20261009,1
249439,20261009,1
249456,20261009,1
249504,20261009,1
249505,20261009,1
249506,20261009,1
249508,20261009,1
249509,20261009,1
249666,20261009,1
249667,20261009,1
249668,20261009,1
249671,20261009,1
249672,20261009,1
249683,20261009,1
249684,20261009,1
249685,20261009,1
249730,20261009,1
249733,20261009,1
249734,20261009,1
249903,20261009,1
250058,20261009,1
250189,20261009,1
250244,20261009,1
250283,20261009,1
250284,20261009,1
250339,20261009,1
250363,20261009,1
250373,20261009,1
249283,20261009,1
249235,20261010,1
251082,20261010,1
249245,20261010,1
249334,20261010,1
249339,20261010,1
249887,20261010,1
249904,20261010,1
249940,20261010,1
249966,20261010,1
250047,20261010,1
250048,20261010,1
250049,20261010,1
250052,20261010,1
250053,20261010,1
250244,20261010,1
250247,20261010,1
250429,20261010,1
250430,20261010,1
250431,20261010,1
250604,20261010,1
251080,20261010,1
251081,20261010,1
249236,20261010,1
249966,20261011,1
249940,20261011,1
250048,20261011,1
250049,20261011,1
250052,20261011,1
250053,20261011,1
250244,20261011,1
250247,20261011,1
250429,20261011,1
250430,20261011,1
250431,20261011,1
250604,20261011,1
251080,20261011,1
251081,20261011,1
251082,20261011,1
249235,20261011,1
249236,20261011,1
249240,20261011,1
249339,20261011,1
249887,20261011,1
249904,20261011,1
250047,20261011,1
249232,20261012,1
250373,20261012,1
249283,20261012,1
249285,20261012,1
249427,20261012,1
249432,20261012,1
249436,20261012,1
249439,20261012,1
249456,20261012,1
249504,20261012,1
249505,20261012,1
249506,20261012,1
249508,20261012,1
249509,20261012,1
249666,20261012,1
249667,20261012,1
249668,20261012,1
249671,20261012,1
249672,20261012,1
249683,20261012,1
249684,20261012,1
249685,20261012,1
249730,20261012,1
249733,20261012,1
249734,20261012,1
249887,20261012,1
249903,20261012,1
250058,20261012,1
250189,20261012,1
250244,20261012,1
250283,20261012,1
250284,20261012,1
250339,20261012,1
250363,20261012,1
249240,20261012,1
249509,20261013,1
249508,20261013,1
249667,20261013,1
249668,20261013,1
249671,20261013,1
249672,20261013,1
249683,20261013,1
249684,20261013,1
249685,20261013,1
249730,20261013,1
249733,20261013,1
249734,20261013,1
249903,20261013,1
250058,20261013,1
250189,20261013,1
250244,20261013,1
250283,20261013,1
250284,20261013,1
250339,20261013,1
250363,20261013,1
250373,20261013,1
249232,20261013,1
249245,20261013,1
249283,20261013,1
249285,20261013,1
249334,20261013,1
249427,20261013,1
249432,20261013,1
249436,20261013,1
249439,20261013,1
249456,20261013,1
249504,20261013,1
249505,20261013,1
249506,20261013,1
249666,20261013,1
249232,20261014,1
250373,20261014,1
249283,20261014,1
249285,20261014,1
249334,20261014,1
249427,20261014,1
249432,20261014,1
249436,20261014,1
249439,20261014,1
249456,20261014,1
249504,20261014,1
249505,20261014,1
249506,20261014,1
249508,20261014,1
249509,20261014,1
249666,20261014,1
249667,20261014,1
249668,20261014,1
249671,20261014,1
249672,20261014,1
249683,20261014,1
249684,20261014,1
249685,20261014,1
249730,20261014,1
249733,20261014,1
249734,20261014,1
249903,20261014,1
250058,20261014,1
250189,20261014,1
250244,20261014,1
250283,20261014,1
250284,20261014,1
250339,20261014,1
250363,20261014,1
249245,20261014,1
249439,20261015,1
249456,20261015,1
249504,20261015,1
249505,20261015,1
249506,20261015,1
249508,20261015,1
249509,20261015,1
249666,20261015,1
249667,20261015,1
249668,20261015,1
249671,20261015,1
249672,20261015,1
249683,20261015,1
249684,20261015,1
249685,20261015,1
249730,20261015,1
249733,20261015,1
249734,20261015,1
249903,20261015,1
250058,20261015,1
250189,20261015,1
250244,20261015,1
250283,20261015,1
250284,20261015,1
250339,20261015,1
250363,20261015,1
250373,20261015,1
249232,20261015,1
249245,20261015,1
249283,20261015,1
249285,20261015,1
249334,20261015,1
249427,20261015,1
249432,20261015,1
249436,20261015,1
249232,20261016,1
250373,20261016,1
249283,20261016,1
249285,20261016,1
249334,20261016,1
249427,20261016,1
249432,20261016,1
249436,20261016,1
249439,20261016,1
249456,20261016,1
249504,20261016,1
249505,20261016,1
249506,20261016,1
249508,20261016,1
249509,20261016,1
249666,20261016,1
249667,20261016,1
249668,20261016,1
249671,20261016,1
249672,20261016,1
249683,20261016,1
249684,20261016,1
249685,20261016,1
249730,20261016,1
249733,20261016,1
249734,20261016,1
249903,20261016,1
250058,20261016,1
250189,20261016,1
250244,20261016,1
250283,20261016,1
250284,20261016,1
250339,20261016,1
250363,20261016,1
249245,20261016,1
249245,20261017,1
249236,20261017,1
249339,20261017,1
249887,20261017,1
249904,20261017,1
249940,20261017,1
249966,20261017,1
250047,20261017,1
250048,20261017,1
250049,20261017,1
250052,20261017,1
250053,20261017,1
250244,20261017,1
250247,20261017,1
250429,20261017,1
250430,20261017,1
250431,20261017,1
250604,20261017,1
251080,20261017,1
251081,20261017,1
251082,20261017,1
249235,20261017,1
249334,20261017,1
249235,20261018,1
251082,20261018,1
249240,20261018,1
249339,20261018,1
249887,20261018,1
249904,20261018,1
249940,20261018,1
249966,20261018,1
250047,20261018,1
250048,20261018,1
250049,20261018,1
250052,20261018,1
250053,20261018,1
250244,20261018,1
250247,20261018,1
250429,20261018,1
250430,20261018,1
250431,20261018,1
250604,20261018,1
251080,20261018,1
251081,20261018,1
249236,20261018,1
249685,20261019,1
249684,20261019,1
249733,20261019,1
249734,20261019,1
249887,20261019,1
249903,20261019,1
250058,20261019,1
250189,20261019,1
250244,20261019,1
250283,20261019,1
250284,20261019,1
250339,20261019,1
250363,20261019,1
250373,20261019,1
249232,20261019,1
249240,20261019,1
249283,20261019,1
249285,20261019,1
249427,20261019,1
249432,20261019,1
249436,20261019,1
249439,20261019,1
249456,20261019,1
249504,20261019,1
249505,20261019,1
249506,20261019,1
249508,20261019,1
249509,20261019,1
249666,20261019,1
249667,20261019,1
249668,20261019,1
249671,20261019,1
249672,20261019,1
249683,20261019,1
249730,20261019,1
249232,20261020,1
250373,20261020,1
249283,20261020,1
249285,20261020,1
249334,20261020,1
249427,20261020,1
249432,20261020,1
249436,20261020,1
249439,20261020,1
249456,20261020,1
249504,20261020,1
249505,20261020,1
249506,20261020,1
249508,20261020,1
249509,20261020,1
249666,20261020,1
249667,20261020,1
249668,20261020,1
249671,20261020,1
249672,20261020,1
249683,20261020,1
249684,20261020,1
249685,20261020,1
249730,20261020,1
249733,20261020,1
249734,20261020,1
249903,20261020,1
250058,20261020,1
250189,20261020,1
250244,20261020,1
250283,20261020,1
250284,20261020,1
250339,20261020,1
250363,20261020,1
249245,20261020,1
249666,20261021,1
249509,20261021,1
249668,20261021,1
249671,20261021,1
249672,20261021,1
249683,20261021,1
249684,20261021,1
249685,20261021,1
249730,20261021,1
249733,20261021,1
249734,20261021,1
249903,20261021,1
250058,20261021,1
250189,20261021,1
250244,20261021,1
250283,20261021,1
250284,20261021,1
250339,20261021,1
250363,20261021,1
250373,20261021,1
249232,20261021,1
249245,20261021,1
249283,20261021,1
249285,20261021,1
249334,20261021,1
249427,20261021,1
249432,20261021,1
249436,20261021,1
249439,20261021,1
249456,20261021,1
249504,20261021,1
249505,20261021,1
249506,20261021,1
249508,20261021,1
249667,20261021,1
249232,20261022,1
250373,20261022,1
249283,20261022,1
249285,20261022,1
249334,20261022,1
249427,20261022,1
249432,20261022,1
249436,20261022,1
249439,20261022,1
249456,20261022,1
249504,20261022,1
249505,20261022,1
249506,20261022,1
249508,20261022,1
249509,20261022,1
249666,20261022,1
249667,20261022,1
249668,20261022,1
249671,20261022,1
249672,20261022,1
249683,20261022,1
249684,20261022,1
249685,20261022,1
249730,20261022,1
249733,20261022,1
249734,20261022,1
249903,20261022,1
250058,20261022,1
250189,20261022,1
250244,20261022,1
250283,20261022,1
250284,20261022,1
250339,20261022,1
250363,20261022,1
249245,20261022,1
249456,20261023,1
249439,20261023,1
249505,20261023,1
249506,20261023,1
249508,20261023,1
249509,20261023,1
249666,20261023,1
249667,20261023,1
249668,20261023,1
249671,20261023,1
249672,20261023,1
249683,20261023,1
249684,20261023,1
249685,20261023,1
249730,20261023,1
249733,20261023,1
249734,20261023,1
249903,20261023,1
250058,20261023,1
250189,20261023,1
250244,20261023,1
250283,20261023,1
250284,20261023,1
250339,20261023,1
250363,20261023,1
250373,20261023,1
249232,20261023,1
249245,20261023,1
249283,20261023,1
249285,20261023,1
249334,20261023,1
249427,20261023,1
249432,20261023,1
249436,20261023,1
249504,20261023,1
249235,20261024,1
251082,20261024,1
249245,20261024,1
249334,20261024,1
249339,20261024,1
249887,20261024,1
249904,20261024,1
249940,20261024,1
249966,20261024,1
250047,20261024,1
250048,20261024,1
250049,20261024,1
250052,20261024,1
250053,20261024,1
250244,20261024,1
250247,20261024,1
250429,20261024,1
250430,20261024,1
250431,20261024,1
250604,20261024,1
251080,20261024,1
251081,20261024,1
249236,20261024,1
250429,20261025,1
250247,20261025,1
250431,20261025,1
250604,20261025,1
251080,20261025,1
251081,20261025,1
251082,20261025,1
249235,20261025,1
249236,20261025,1
249240,20261025,1
249339,20261025,1
249887,20261025,1
249904,20261025,1
249940,20261025,1
249966,20261025,1
250047,20261025,1
250048,20261025,1
250049,20261025,1
250052,20261025,1
250053,20261025,1
250244,20261025,1
250430,20261025,1
249232,20261026,1
250373,20261026,1
249283,20261026,1
249285,20261026,1
249427,20261026,1
249432,20261026,1
249436,20261026,1
249439,20261026,1
249456,20261026,1
249504,20261026,1
249505,20261026,1
249506,20261026,1
249508,20261026,1
249509,20261026,1
249666,20261026,1
249667,20261026,1
249668,20261026,1
249671,20261026,1
249672,20261026,1
249683,20261026,1
249684,20261026,1
249685,20261026,1
249730,20261026,1
249733,20261026,1
249734,20261026,1
249887,20261026,1
249903,20261026,1
250058,20261026,1
250189,20261026,1
250244,20261026,1
250283,20261026,1
250284,20261026,1
250339,20261026,1
250363,20261026,1
249240,20261026,1
249685,20261027,1
249684,20261027,1
249733,20261027,1
249734,20261027,1
249903,20261027,1
250058,20261027,1
250189,20261027,1
250244,20261027,1
250283,20261027,1
250284,20261027,1
250339,20261027,1
250363,20261027,1
250373,20261027,1
249232,20261027,1
249245,20261027,1
249283,20261027,1
249285,20261027,1
249334,20261027,1
249427,20261027,1
249432,20261027,1
249436,20261027,1
249439,20261027,1
249456,20261027,1
249504,20261027,1
249505,20261027,1
249506,20261027,1
249508,20261027,1
249509,20261027,1
249666,20261027,1
249667,20261027,1
249668,20261027,1
249671,20261027,1
249672,20261027,1
249683,20261027,1
249730,20261027,1
249232,20261028,1
250373,20261028,1
249283,20261028,1
249285,20261028,1
249334,20261028,1
249427,20261028,1
249432,20261028,1
249436,20261028,1
249439,20261028,1
249456,20261028,1
249504,20261028,1
249505,20261028,1
249506,20261028,1
249508,20261028,1
249509,20261028,1
249666,20261028,1
249667,20261028,1
249668,20261028,1
249671,20261028,1
249672,20261028,1
249683,20261028,1
249684,20261028,1
249685,20261028,1
249730,20261028,1
249733,20261028,1
249734,20261028,1
249903,20261028,1
250058,20261028,1
250189,20261028,1
250244,20261028,1
250283,20261028,1
250284,20261028,1
250339,20261028,1
250363,20261028,1
249245,20261028,1
249667,20261029,1
249666,20261029,1
249671,20261029,1
249672,20261029,1
249683,20261029,1
249684,20261029,1
249685,20261029,1
249730,20261029,1
249733,20261029,1
249734,20261029,1
249903,20261029,1
250058,20261029,1
250189,20261029,1
250244,20261029,1
250283,20261029,1
250284,20261029,1
250339,20261029,1
250363,20261029,1
250373,20261029,1
249232,20261029,1
249245,20261029,1
249283,20261029,1
249285,20261029,1
249334,20261029,1
249427,20261029,1
249432,20261029,1
249436,20261029,1
249439,20261029,1
249456,20261029,1
249504,20261029,1
249505,20261029,1
249506,20261029,1
249508,20261029,1
249509,20261029,1
249668,20261029,1
249232,20261030,1
250373,20261030,1
249283,20261030,1
249285,20261030,1
249334,20261030,1
249427,20261030,1
249432,20261030,1
249436,20261030,1
249439,20261030,1
249456,20261030,1
249504,20261030,1
249505,20261030,1
249506,20261030,1
249508,20261030,1
249509,20261030,1
249666,20261030,1
249667,20261030,1
249668,20261030,1
249671,20261030,1
249672,20261030,1
249683,20261030,1
249684,20261030,1
249685,20261030,1
249730,20261030,1
249733,20261030,1
249734,20261030,1
249903,20261030,1
250058,20261030,1
250189,20261030,1
250244,20261030,1
250283,20261030,1
250284,20261030,1
250339,20261030,1
250363,20261030,1
249245,20261030,1
250048,20261031,1
250047,20261031,1
250052,20261031,1
250053,20261031,1
250244,20261031,1
250247,20261031,1
250429,20261031,1
250430,20261031,1
250431,20261031,1
250604,20261031,1
251080,20261031,1
251081,20261031,1
251082,20261031,1
249235,20261031,1
249236,20261031,1
249245,20261031,1
249334,20261031,1
249339,20261031,1
249887,20261031,1
249904,20261031,1
249940,20261031,1
249966,20261031,1
250049,20261031,1
249235,20261101,1
251082,20261101,1
249240,20261101,1
249339,20261101,1
249887,20261101,1
249904,20261101,1
249940,20261101,1
249966,20261101,1
250047,20261101,1
250048,20261101,1
250049,20261101,1
250052,20261101,1
250053,20261101,1
250244,20261101,1
250247,20261101,1
250429,20261101,1
250430,20261101,1
250431,20261101,1
250604,20261101,1
251080,20261101,1
251081,20261101,1
249236,20261101,1
249285,20261102,1
249283,20261102,1
249432,20261102,1
249436,20261102,1
249439,20261102,1
249456,20261102,1
249504,20261102,1
249505,20261102,1
249506,20261102,1
249508,20261102,1
249509,20261102,1
249666,20261102,1
249667,20261102,1
249668,20261102,1
249671,20261102,1
249672,20261102,1
249683,20261102,1
249684,20261102,1
249685,20261102,1
249730,20261102,1
249733,20261102,1
249734,20261102,1
249887,20261102,1
249903,20261102,1
250058,20261102,1
250189,20261102,1
250244,20261102,1
250283,20261102,1
250284,20261102,1
250339,20261102,1
250363,20261102,1
250373,20261102,1
249232,20261102,1
249240,20261102,1
249427,20261102,1
250339,20261103,1
250284,20261103,1
250373,20261103,1
249232,20261103,1
249245,20261103,1
249283,20261103,1
249285,20261103,1
249334,20261103,1
249427,20261103,1
249432,20261103,1
249436,20261103,1
249439,20261103,1
249456,20261103,1
249504,20261103,1
249505,20261103,1
249506,20261103,1
249508,20261103,1
249509,20261103,1
249666,20261103,1
249667,20261103,1
249668,20261103,1
249671,20261103,1
249672,20261103,1
249683,20261103,1
249684,20261103,1
249685,20261103,1
249730,20261103,1
249733,20261103,1
249734,20261103,1
249903,20261103,1
250058,20261103,1
250189,20261103,1
250244,20261103,1
250283,20261103,1
250363,20261103,1
249232,20261104,1
250373,20261104,1
249283,20261104,1
249285,20261104,1
249334,20261104,1
249427,20261104,1
249432,20261104,1
249436,20261104,1
249439,20261104,1
249456,20261104,1
249504,20261104,1
249505,20261104,1
249506,20261104,1
249508,20261104,1
249509,20261104,1
249666,20261104,1
249667,20261104,1
249668,20261104,1
249671,20261104,1
249672,20261104,1
249683,20261104,1
249684,20261104,1
249685,20261104,1
249730,20261104,1
249733,20261104,1
249734,20261104,1
249903,20261104,1
250058,20261104,1
250189,20261104,1
250244,20261104,1
250283,20261104,1
250284,20261104,1
250339,20261104,1
250363,20261104,1
249245,20261104,1
249903,20261105,1
249734,20261105,1
250189,20261105,1
250244,20261105,1
250283,20261105,1
250284,20261105,1
250339,20261105,1
250363,20261105,1
250373,20261105,1
249232,20261105,1
249245,20261105,1
249283,20261105,1
249285,20261105,1
249334,20261105,1
249427,20261105,1
249432,20261105,1
249436,20261105,1
249439,20261105,1
249456,20261105,1
249504,20261105,1
249505,20261105,1
249506,20261105,1
249508,20261105,1
249509,20261105,1
249666,20261105,1
249667,20261105,1
249668,20261105,1
249671,20261105,1
249672,20261105,1
249683,20261105,1
249684,20261105,1
249685,20261105,1
249730,20261105,1
249733,20261105,1
250058,20261105,1
249232,20261106,1
250373,20261106,1
249283,20261106,1
249285,20261106,1
249334,20261106,1
249427,20261106,1
249432,20261106,1
249436,20261106,1
249439,20261106,1
249456,20261106,1
249504,20261106,1
249505,20261106,1
249506,20261106,1
249508,20261106,1
249509,20261106,1
249666,20261106,1
249667,20261106,1
249668,20261106,1
249671,20261106,1
249672,20261106,1
249683,20261106,1
249684,20261106,1
249685,20261106,1
249730,20261106,1
249733,20261106,1
249734,20261106,1
249903,20261106,1
250058,20261106,1
250189,20261106,1
250244,20261106,1
250283,20261106,1
250284,20261106,1
250339,20261106,1
250363,20261106,1
249245,20261106,1
251080,20261107,1
250604,20261107,1
251082,20261107,1
249235,20261107,1
249236,20261107,1
249245,20261107,1
249334,20261107,1
249339,20261107,1
249887,20261107,1
249904,20261107,1
249940,20261107,1
249966,20261107,1
250047,20261107,1
250048,20261107,1
250049,20261107,1
250052,20261107,1
250053,20261107,1
250244,20261107,1
250247,20261107,1
250429,20261107,1
250430,20261107,1
250431,20261107,1
251081,20261107,1
249235,20261108,1
251082,20261108,1
249240,20261108,1
249339,20261108,1
249887,20261108,1
249904,20261108,1
249940,20261108,1
249966,20261108,1
250047,20261108,1
250048,20261108,1
250049,20261108,1
250052,20261108,1
250053,20261108,1
250244,20261108,1
250247,20261108,1
250429,20261108,1
250430,20261108,1
250431,20261108,1
250604,20261108,1
251080,20261108,1
251081,20261108,1
249236,20261108,1
249232,20261109,1
250373,20261109,1
249283,20261109,1
249285,20261109,1
249427,20261109,1
249432,20261109,1
249436,20261109,1
249439,20261109,1
249456,20261109,1
249504,20261109,1
249505,20261109,1
249506,20261109,1
249508,20261109,1
249509,20261109,1
249666,20261109,1
249667,20261109,1
249668,20261109,1
249671,20261109,1
249672,20261109,1
249683,20261109,1
249684,20261109,1
249685,20261109,1
249730,20261109,1
249733,20261109,1
249734,20261109,1
249887,20261109,1
249903,20261109,1
250058,20261109,1
250189,20261109,1
250244,20261109,1
250283,20261109,1
250284,20261109,1
250339,20261109,1
250363,20261109,1
249240,20261109,1
249334,20261110,1
249285,20261110,1
249432,20261110,1
249436,20261110,1
249439,20261110,1
249456,20261110,1
249504,20261110,1
249505,20261110,1
249506,20261110,1
249508,20261110,1
249509,20261110,1
249666,20261110,1
249667,20261110,1
249668,20261110,1
249671,20261110,1
249672,20261110,1
249683,20261110,1
249684,20261110,1
249685,20261110,1
249730,20261110,1
249733,20261110,1
249734,20261110,1
249903,20261110,1
250058,20261110,1
250189,20261110,1
250244,20261110,1
250283,20261110,1
250284,20261110,1
250339,20261110,1
250363,20261110,1
250373,20261110,1
249232,20261110,1
249245,20261110,1
249283,20261110,1
249427,20261110,1
250363,20261111,1
250339,20261111,1
249232,20261111,1
249245,20261111,1
249283,20261111,1
249285,20261111,1
249334,20261111,1
249427,20261111,1
249432,20261111,1
249436,20261111,1
249439,20261111,1
249456,20261111,1
249504,20261111,1
249505,20261111,1
249506,20261111,1
249508,20261111,1
249509,20261111,1
249666,20261111,1
249667,20261111,1
249668,20261111,1
249671,20261111,1
249672,20261111,1
249683,20261111,1
249684,20261111,1
249685,20261111,1
249730,20261111,1
249733,20261111,1
249734,20261111,1
249903,20261111,1
250058,20261111,1
250189,20261111,1
250244,20261111,1
250283,20261111,1
250284,20261111,1
250373,20261111,1
249232,20261112,1
250373,20261112,1
249283,20261112,1
249285,20261112,1
249334,20261112,1
249427,20261112,1
249432,20261112,1
249436,20261112,1
249439,20261112,1
249456,20261112,1
249504,20261112,1
249505,20261112,1
249506,20261112,1
249508,20261112,1
249509,20261112,1
249666,20261112,1
249667,20261112,1
249668,20261112,1
249671,20261112,1
249672,20261112,1
249683,20261112,1
249684,20261112,1
249685,20261112,1
249730,20261112,1
249733,20261112,1
249734,20261112,1
249903,20261112,1
250058,20261112,1
250189,20261112,1
250244,20261112,1
250283,20261112,1
250284,20261112,1
250339,20261112,1
250363,20261112,1
249245,20261112,1
250058,20261113,1
249903,20261113,1
250244,20261113,1
250283,20261113,1
250284,20261113,1
250339,20261113,1
250363,20261113,1
250373,20261113,1
249232,20261113,1
249245,20261113,1
249283,20261113,1
249285,20261113,1
249334,20261113,1
249427,20261113,1
249432,20261113,1
249436,20261113,1
249439,20261113,1
249456,20261113,1
249504,20261113,1
249505,20261113,1
249506,20261113,1
249508,20261113,1
249509,20261113,1
249666,20261113,1
249667,20261113,1
249668,20261113,1
249671,20261113,1
249672,20261113,1
249683,20261113,1
249684,20261113,1
249685,20261113,1
249730,20261113,1
249733,20261113,1
249734,20261113,1
250189,20261113,1
249235,20261114,1
251082,20261114,1
249245,20261114,1
249334,20261114,1
249339,20261114,1
249887,20261114,1
249904,20261114,1
249940,20261114,1
249966,20261114,1
250047,20261114,1
250048,20261114,1
250049,20261114,1
250052,20261114,1
250053,20261114,1
250244,20261114,1
250247,20261114,1
250429,20261114,1
250430,20261114,1
250431,20261114,1
250604,20261114,1
251080,20261114,1
251081,20261114,1
249236,20261114,1
249235,20261115,1
251082,20261115,1
249240,20261115,1
249339,20261115,1
249887,20261115,1
249904,20261115,1
249940,20261115,1
249966,20261115,1
250047,20261115,1
250048,20261115,1
250049,20261115,1
250052,20261115,1
250053,20261115,1
250244,20261115,1
250247,20261115,1
250429,20261115,1
250430,20261115,1
250431,20261115,1
250604,20261115,1
251080,20261115,1
251081,20261115,1
249236,20261115,1
249506,20261116,1
249508,20261116,1
249509,20261116,1
249666,20261116,1
249667,20261116,1
249668,20261116,1
249671,20261116,1
249672,20261116,1
249683,20261116,1
249684,20261116,1
249685,20261116,1
249730,20261116,1
249733,20261116,1
249734,20261116,1
249887,20261116,1
249903,20261116,1
250058,20261116,1
250189,20261116,1
250244,20261116,1
250283,20261116,1
250284,20261116,1
250339,20261116,1
250363,20261116,1
250373,20261116,1
249232,20261116,1
249240,20261116,1
249283,20261116,1
249285,20261116,1
249427,20261116,1
249432,20261116,1
249436,20261116,1
249439,20261116,1
249456,20261116,1
249504,20261116,1
249505,20261116,1
249232,20261117,1
250373,20261117,1
249283,20261117,1
249285,20261117,1
249334,20261117,1
249427,20261117,1
249432,20261117,1
249436,20261117,1
249439,20261117,1
249456,20261117,1
249504,20261117,1
249505,20261117,1
249506,20261117,1
249508,20261117,1
249509,20261117,1
249666,20261117,1
249667,20261117,1
249668,20261117,1
249671,20261117,1
249672,20261117,1
249683,20261117,1
249684,20261117,1
249685,20261117,1
249730,20261117,1
249733,20261117,1
249734,20261117,1
249903,20261117,1
250058,20261117,1
250189,20261117,1
250244,20261117,1
250283,20261117,1
250284,20261117,1
250339,20261117,1
250363,20261117,1
249245,20261117,1
249427,20261118,1
249334,20261118,1
249436,20261118,1
249439,20261118,1
249456,20261118,1
249504,20261118,1
249505,20261118,1
249506,20261118,1
249508,20261118,1
249509,20261118,1
249666,20261118,1
249667,20261118,1
249668,20261118,1
249671,20261118,1
249672,20261118,1
249683,20261118,1
249684,20261118,1
249685,20261118,1
249730,20261118,1
249733,20261118,1
249734,20261118,1
249903,20261118,1
250058,20261118,1
250189,20261118,1
250244,20261118,1
250283,20261118,1
250284,20261118,1
250339,20261118,1
250363,20261118,1
250373,20261118,1
249232,20261118,1
249245,20261118,1
249283,20261118,1
249285,20261118,1
249432,20261118,1
250373,20261119,1
250363,20261119,1
249245,20261119,1
249283,20261119,1
249285,20261119,1
249334,20261119,1
249427,20261119,1
249432,20261119,1
249436,20261119,1
249439,20261119,1
249456,20261119,1
249504,20261119,1
249505,20261119,1
249506,20261119,1
249508,20261119,1
249509,20261119,1
249666,20261119,1
249667,20261119,1
249668,20261119,1
249671,20261119,1
249672,20261119,1
249683,20261119,1
249684,20261119,1
249685,20261119,1
249730,20261119,1
249733,20261119,1
249734,20261119,1
249903,20261119,1
250058,20261119,1
250189,20261119,1
250244,20261119,1
250283,20261119,1
250284,20261119,1
250339,20261119,1
249232,20261119,1
249232,20261120,1
250373,20261120,1
249283,20261120,1
249285,20261120,1
249334,20261120,1
249427,20261120,1
249432,20261120,1
249436,20261120,1
249439,20261120,1
249456,20261120,1
249504,20261120,1
249505,20261120,1
249506,20261120,1
249508,20261120,1
249509,20261120,1
249666,20261120,1
249667,20261120,1
249668,20261120,1
249671,20261120,1
249672,20261120,1
249683,20261120,1
249684,20261120,1
249685,20261120,1
249730,20261120,1
249733,20261120,1
249734,20261120,1
249903,20261120,1
250058,20261120,1
250189,20261120,1
250244,20261120,1
250283,20261120,1
250284,20261120,1
250339,20261120,1
250363,20261120,1
249245,20261120,1
249235,20261121,1
251082,20261121,1
249245,20261121,1
249334,20261121,1
249339,20261121,1
249887,20261121,1
249904,20261121,1
249940,20261121,1
249966,20261121,1
250047,20261121,1
250048,20261121,1
250049,20261121,1
250052,20261121,1
250053,20261121,1
250244,20261121,1
250247,20261121,1
250429,20261121,1
250430,20261121,1
250431,20261121,1
250604,20261121,1
251080,20261121,1
251081,20261121,1
249236,20261121,1
249904,20261122,1
249887,20261122,1
249966,20261122,1
250047,20261122,1
250048,20261122,1
250049,20261122,1
250052,20261122,1
250053,20261122,1
250244,20261122,1
250247,20261122,1
250429,20261122,1
250430,20261122,1
250431,20261122,1
250604,20261122,1
251080,20261122,1
251081,20261122,1
251082,20261122,1
249235,20261122,1
249236,20261122,1
249240,20261122,1
249339,20261122,1
249940,20261122,1
249232,20261123,1
250373,20261123,1
249283,20261123,1
249285,20261123,1
249427,20261123,1
249432,20261123,1
249436,20261123,1
249439,20261123,1
249456,20261123,1
249504,20261123,1
249505,20261123,1
249506,20261123,1
249508,20261123,1
249509,20261123,1
249666,20261123,1
249667,20261123,1
249668,20261123,1
249671,20261123,1
249672,20261123,1
249683,20261123,1
249684,20261123,1
249685,20261123,1
249730,20261123,1
249733,20261123,1
249734,20261123,1
249887,20261123,1
249903,20261123,1
250058,20261123,1
250189,20261123,1
250244,20261123,1
250283,20261123,1
250284,20261123,1
250339,20261123,1
250363,20261123,1
249240,20261123,1
249506,20261124,1
249505,20261124,1
249509,20261124,1
249666,20261124,1
249667,20261124,1
249668,20261124,1
249671,20261124,1
249672,20261124,1
249683,20261124,1
249684,20261124,1
249685,20261124,1
249730,20261124,1
249733,20261124,1
249734,20261124,1
249903,20261124,1
250058,20261124,1
250189,20261124,1
250244,20261124,1
250283,20261124,1
250284,20261124,1
250339,20261124,1
250363,20261124,1
250373,20261124,1
249232,20261124,1
249245,20261124,1
249283,20261124,1
249285,20261124,1
249334,20261124,1
249427,20261124,1
249432,20261124,1
249436,20261124,1
249439,20261124,1
249456,20261124,1
249504,20261124,1
249508,20261124,1
249231,20261125,1
250363,20261125,1
249245,20261125,1
249283,20261125,1
249334,20261125,1
249337,20261125,1
249403,20261125,1
249427,20261125,1
249432,20261125,1
249436,20261125,1
249456,20261125,1
249504,20261125,1
249505,20261125,1
249506,20261125,1
249508,20261125,1
249509,20261125,1
249666,20261125,1
249667,20261125,1
249668,20261125,1
249671,20261125,1
249672,20261125,1
249683,20261125,1
249684,20261125,1
249730,20261125,1
249733,20261125,1
249734,20261125,1
249903,20261125,1
250244,20261125,1
250283,20261125,1
250284,20261125,1
249232,20261125,1
249966,20261126,1
249940,20261126,1
250048,20261126,1
250049,20261126,1
250052,20261126,1
250053,20261126,1
250244,20261126,1
250247,20261126,1
250429,20261126,1
250430,20261126,1
250431,20261126,1
250604,20261126,1
251080,20261126,1
251081,20261126,1
251082,20261126,1
249235,20261126,1
249236,20261126,1
249245,20261126,1
249334,20261126,1
249339,20261126,1
249356,20261126,1
249359,20261126,1
249887,20261126,1
249904,20261126,1
250047,20261126,1
249224,20261127,1
251082,20261127,1
249236,20261127,1
249240,20261127,1
249339,20261127,1
249359,20261127,1
249361,20261127,1
249887,20261127,1
249904,20261127,1
249940,20261127,1
250047,20261127,1
250048,20261127,1
250049,20261127,1
250052,20261127,1
250053,20261127,1
250244,20261127,1
250247,20261127,1
250429,20261127,1
250430,20261127,1
250431,20261127,1
250604,20261127,1
251080,20261127,1
251081,20261127,1
249235,20261127,1
249235,20261128,1
251082,20261128,1
249240,20261128,1
249339,20261128,1
249887,20261128,1
249904,20261128,1
249940,20261128,1
249966,20261128,1
250047,20261128,1
250048,20261128,1
250049,20261128,1
250052,20261128,1
250053,20261128,1
250244,20261128,1
250247,20261128,1
250429,20261128,1
250430,20261128,1
250431,20261128,1
250604,20261128,1
251080,20261128,1
251081,20261128,1
249236,20261128,1
249339,20261129,1
251082,20261129,1
249904,20261129,1
249940,20261129,1
249966,20261129,1
250047,20261129,1
250048,20261129,1
250049,20261129,1
250052,20261129,1
250053,20261129,1
250244,20261129,1
250247,20261129,1
250429,20261129,1
250430,20261129,1
250431,20261129,1
249235,20261129,1
249236,20261129,1
249240,20261129,1
250604,20261129,1
251080,20261129,1
251081,20261129,1
249887,20261129,1
249232,20261130,1
250373,20261130,1
249283,20261130,1
249285,20261130,1
249427,20261130,1
249432,20261130,1
249436,20261130,1
249439,20261130,1
249456,20261130,1
249504,20261130,1
249505,20261130,1
249506,20261130,1
249508,20261130,1
249509,20261130,1
249666,20261130,1
249667,20261130,1
249668,20261130,1
249671,20261130,1
249672,20261130,1
249683,20261130,1
249684,20261130,1
249685,20261130,1
249730,20261130,1
249733,20261130,1
249734,20261130,1
249887,20261130,1
249903,20261130,1
250058,20261130,1
250189,20261130,1
250244,20261130,1
250283,20261130,1
250284,20261130,1
250339,20261130,1
250363,20261130,1
249240,20261130,1
249232,20261201,1
250373,20261201,1
249283,20261201,1
249285,20261201,1
249334,20261201,1
249427,20261201,1
249432,20261201,1
249436,20261201,1
249439,20261201,1
249456,20261201,1
249504,20261201,1
249505,20261201,1
249506,20261201,1
249508,20261201,1
249509,20261201,1
249666,20261201,1
249667,20261201,1
249668,20261201,1
249671,20261201,1
249672,20261201,1
249683,20261201,1
249684,20261201,1
249685,20261201,1
249730,20261201,1
249733,20261201,1
249734,20261201,1
249903,20261201,1
250058,20261201,1
250189,20261201,1
250244,20261201,1
250283,20261201,1
250284,20261201,1
250339,20261201,1
250363,20261201,1
249245,20261201,1
250244,20261202,1
250189,20261202,1
250284,20261202,1
250339,20261202,1
250363,20261202,1
250373,20261202,1
249232,20261202,1
249245,20261202,1
249283,20261202,1
249285,20261202,1
249334,20261202,1
249427,20261202,1
249432,20261202,1
249436,20261202,1
249439,20261202,1
249456,20261202,1
249504,20261202,1
249505,20261202,1
249506,20261202,1
249508,20261202,1
249509,20261202,1
249666,20261202,1
249667,20261202,1
249668,20261202,1
249671,20261202,1
249672,20261202,1
249683,20261202,1
249684,20261202,1
249685,20261202,1
249730,20261202,1
249733,20261202,1
249734,20261202,1
249903,20261202,1
250058,20261202,1
250283,20261202,1
249232,20261203,1
250373,20261203,1
249283,20261203,1
249285,20261203,1
249334,20261203,1
249427,20261203,1
249432,20261203,1
249436,20261203,1
249439,20261203,1
249456,20261203,1
249504,20261203,1
249505,20261203,1
249506,20261203,1
249508,20261203,1
249509,20261203,1
249666,20261203,1
249667,20261203,1
249668,20261203,1
249671,20261203,1
249672,20261203,1
249683,20261203,1
249684,20261203,1
249685,20261203,1
249730,20261203,1
249733,20261203,1
249734,20261203,1
249903,20261203,1
250058,20261203,1
250189,20261203,1
250244,20261203,1
250283,20261203,1
250284,20261203,1
250339,20261203,1
250363,20261203,1
249245,20261203,1
249730,20261204,1
249685,20261204,1
249734,20261204,1
249903,20261204,1
250058,20261204,1
250189,20261204,1
250244,20261204,1
250283,20261204,1
250284,20261204,1
250339,20261204,1
250363,20261204,1
250373,20261204,1
249232,20261204,1
249245,20261204,1
249283,20261204,1
249285,20261204,1
249334,20261204,1
249427,20261204,1
249432,20261204,1
249436,20261204,1
249439,20261204,1
249456,20261204,1
249504,20261204,1
249505,20261204,1
249506,20261204,1
249508,20261204,1
249509,20261204,1
249666,20261204,1
249667,20261204,1
249668,20261204,1
249671,20261204,1
249672,20261204,1
249683,20261204,1
249684,20261204,1
249733,20261204,1
249235,20261205,1
251082,20261205,1
249245,20261205,1
249334,20261205,1
249339,20261205,1
249887,20261205,1
249904,20261205,1
249940,20261205,1
249966,20261205,1
250047,20261205,1
250048,20261205,1
250049,20261205,1
250052,20261205,1
250053,20261205,1
250244,20261205,1
250247,20261205,1
250429,20261205,1
250430,20261205,1
250431,20261205,1
250604,20261205,1
251080,20261205,1
251081,20261205,1
249236,20261205,1
249235,20261206,1
251082,20261206,1
249240,20261206,1
249339,20261206,1
249887,20261206,1
249904,20261206,1
249940,20261206,1
249966,20261206,1
250047,20261206,1
250048,20261206,1
250049,20261206,1
250052,20261206,1
250053,20261206,1
250244,20261206,1
250247,20261206,1
250429,20261206,1
250430,20261206,1
250431,20261206,1
250604,20261206,1
251080,20261206,1
251081,20261206,1
249236,20261206,1
249439,20261207,1
249436,20261207,1
249504,20261207,1
249505,20261207,1
249506,20261207,1
249508,20261207,1
249509,20261207,1
249666,20261207,1
249667,20261207,1
249668,20261207,1
249671,20261207,1
249672,20261207,1
249683,20261207,1
249684,20261207,1
249685,20261207,1
249730,20261207,1
249733,20261207,1
249734,20261207,1
249887,20261207,1
249903,20261207,1
250058,20261207,1
250189,20261207,1
250244,20261207,1
250283,20261207,1
250284,20261207,1
250339,20261207,1
250363,20261207,1
250373,20261207,1
249232,20261207,1
249240,20261207,1
249283,20261207,1
249285,20261207,1
249427,20261207,1
249432,20261207,1
249456,20261207,1
249232,20261208,1
250373,20261208,1
249283,20261208,1
249285,20261208,1
249334,20261208,1
249427,20261208,1
249432,20261208,1
249436,20261208,1
249439,20261208,1
249456,20261208,1
249504,20261208,1
249505,20261208,1
249506,20261208,1
249508,20261208,1
249509,20261208,1
249666,20261208,1
249667,20261208,1
249668,20261208,1
249671,20261208,1
249672,20261208,1
249683,20261208,1
249684,20261208,1
249685,20261208,1
249730,20261208,1
249733,20261208,1
249734,20261208,1
249903,20261208,1
250058,20261208,1
250189,20261208,1
250244,20261208,1
250283,20261208,1
250284,20261208,1
250339,20261208,1
250363,20261208,1
249245,20261208,1
249245,20261209,1
249232,20261209,1
249285,20261209,1
249334,20261209,1
249427,20261209,1
249432,20261209,1
249436,20261209,1
249439,20261209,1
249456,20261209,1
249504,20261209,1
249505,20261209,1
249506,20261209,1
249508,20261209,1
249509,20261209,1
249666,20261209,1
249667,20261209,1
249668,20261209,1
249671,20261209,1
249672,20261209,1
249683,20261209,1
249684,20261209,1
249685,20261209,1
249730,20261209,1
249733,20261209,1
249734,20261209,1
249903,20261209,1
250058,20261209,1
250189,20261209,1
250244,20261209,1
250283,20261209,1
250284,20261209,1
250339,20261209,1
250363,20261209,1
250373,20261209,1
249283,20261209,1
250283,20261210,1
250244,20261210,1
250339,20261210,1
250363,20261210,1
250373,20261210,1
249232,20261210,1
249245,20261210,1
249283,20261210,1
249285,20261210,1
249334,20261210,1
249427,20261210,1
249432,20261210,1
249436,20261210,1
249439,20261210,1
249456,20261210,1
249504,20261210,1
249505,20261210,1
249506,20261210,1
249508,20261210,1
249509,20261210,1
249666,20261210,1
249667,20261210,1
249668,20261210,1
249671,20261210,1
249672,20261210,1
249683,20261210,1
249684,20261210,1
249685,20261210,1
249730,20261210,1
249733,20261210,1
249734,20261210,1
249903,20261210,1
250058,20261210,1
250189,20261210,1
250284,20261210,1
249232,20261211,1
250373,20261211,1
249283,20261211,1
249285,20261211,1
249334,20261211,1
249427,20261211,1
249432,20261211,1
249436,20261211,1
249439,20261211,1
249456,20261211,1
249504,20261211,1
249505,20261211,1
249506,20261211,1
249508,20261211,1
249509,20261211,1
249666,20261211,1
249667,20261211,1
249668,20261211,1
249671,20261211,1
249672,20261211,1
249683,20261211,1
249684,20261211,1
249685,20261211,1
249730,20261211,1
249733,20261211,1
249734,20261211,1
249903,20261211,1
250058,20261211,1
250189,20261211,1
250244,20261211,1
250283,20261211,1
250284,20261211,1
250339,20261211,1
250363,20261211,1
249245,20261211,1
249235,20261212,1
249236,20261212,1
249245,20261212,1
249334,20261212,1
249339,20261212,1
249887,20261212,1
249904,20261212,1
249940,20261212,1
249966,20261212,1
250047,20261212,1
250048,20261212,1
250049,20261212,1
250052,20261212,1
250053,20261212,1
250244,20261212,1
250247,20261212,1
250429,20261212,1
250430,20261212,1
250431,20261212,1
250604,20261212,1
251080,20261212,1
251081,20261212,1
251082,20261212,1
249236,20261213,1
249235,20261213,1
249339,20261213,1
249887,20261213,1
249904,20261213,1
249940,20261213,1
249966,20261213,1
250047,20261213,1
250048,20261213,1
250049,20261213,1
250052,20261213,1
250053,20261213,1
250244,20261213,1
250247,20261213,1
250429,20261213,1
250430,20261213,1
250431,20261213,1
250604,20261213,1
251080,20261213,1
251081,20261213,1
251082,20261213,1
249240,20261213,1
249232,20261214,1
250373,20261214,1
249283,20261214,1
249285,20261214,1
249427,20261214,1
249432,20261214,1
249436,20261214,1
249439,20261214,1
249456,20261214,1
249504,20261214,1
249505,20261214,1
249506,20261214,1
249508,20261214,1
249509,20261214,1
249666,20261214,1
249667,20261214,1
249668,20261214,1
249671,20261214,1
249672,20261214,1
249683,20261214,1
249684,20261214,1
249685,20261214,1
249730,20261214,1
249733,20261214,1
249734,20261214,1
249887,20261214,1
249903,20261214,1
250058,20261214,1
250189,20261214,1
250244,20261214,1
250283,20261214,1
250284,20261214,1
250339,20261214,1
250363,20261214,1
249240,20261214,1
249439,20261215,1
249436,20261215,1
249504,20261215,1
249505,20261215,1
249506,20261215,1
249508,20261215,1
249509,20261215,1
249666,20261215,1
249667,20261215,1
249668,20261215,1
249671,20261215,1
249672,20261215,1
249683,20261215,1
249684,20261215,1
249685,20261215,1
249730,20261215,1
249733,20261215,1
249734,20261215,1
249903,20261215,1
250058,20261215,1
250189,20261215,1
250244,20261215,1
250283,20261215,1
250284,20261215,1
250339,20261215,1
250363,20261215,1
250373,20261215,1
249232,20261215,1
249245,20261215,1
249283,20261215,1
249285,20261215,1
249334,20261215,1
249427,20261215,1
249432,20261215,1
249456,20261215,1
249232,20261216,1
250373,20261216,1
249283,20261216,1
249285,20261216,1
249334,20261216,1
249427,20261216,1
249432,20261216,1
249436,20261216,1
249439,20261216,1
249456,20261216,1
249504,20261216,1
249505,20261216,1
249506,20261216,1
249508,20261216,1
249509,20261216,1
249666,20261216,1
249667,20261216,1
249668,20261216,1
249671,20261216,1
249672,20261216,1
249683,20261216,1
249684,20261216,1
249685,20261216,1
249730,20261216,1
249733,20261216,1
249734,20261216,1
249903,20261216,1
250058,20261216,1
250189,20261216,1
250244,20261216,1
250283,20261216,1
250284,20261216,1
250339,20261216,1
250363,20261216,1
249245,20261216,1
249283,20261217,1
249245,20261217,1
249334,20261217,1
249427,20261217,1
249432,20261217,1
249436,20261217,1
249439,20261217,1
249456,20261217,1
249504,20261217,1
249505,20261217,1
249506,20261217,1
249508,20261217,1
249509,20261217,1
249666,20261217,1
249667,20261217,1
249668,20261217,1
249671,20261217,1
249672,20261217,1
249683,20261217,1
249684,20261217,1
249685,20261217,1
249730,20261217,1
249733,20261217,1
249734,20261217,1
249903,20261217,1
250058,20261217,1
250189,20261217,1
250244,20261217,1
250283,20261217,1
250284,20261217,1
250339,20261217,1
250363,20261217,1
250373,20261217,1
249232,20261217,1
249285,20261217,1
250284,20261218,1
250283,20261218,1
250363,20261218,1
250373,20261218,1
249232,20261218,1
249245,20261218,1
249283,20261218,1
249285,20261218,1
249334,20261218,1
249427,20261218,1
249432,20261218,1
249436,20261218,1
249439,20261218,1
249456,20261218,1
249504,20261218,1
249505,20261218,1
249506,20261218,1
249508,20261218,1
249509,20261218,1
249666,20261218,1
249667,20261218,1
249668,20261218,1
249671,20261218,1
249672,20261218,1
249683,20261218,1
249684,20261218,1
249685,20261218,1
249730,20261218,1
249733,20261218,1
249734,20261218,1
249903,20261218,1
250058,20261218,1
250189,20261218,1
250244,20261218,1
250339,20261218,1
249235,20261219,1
251082,20261219,1
249245,20261219,1
249334,20261219,1
249339,20261219,1
249887,20261219,1
249904,20261219,1
249940,20261219,1
249966,20261219,1
250047,20261219,1
250048,20261219,1
250049,20261219,1
250052,20261219,1
250053,20261219,1
250244,20261219,1
250247,20261219,1
250429,20261219,1
250430,20261219,1
250431,20261219,1
250604,20261219,1
251080,20261219,1
251081,20261219,1
249236,20261219,1
249235,20261220,1
251082,20261220,1
249240,20261220,1
249339,20261220,1
249887,20261220,1
249904,20261220,1
249940,20261220,1
249966,20261220,1
250047,20261220,1
250048,20261220,1
250049,20261220,1
250052,20261220,1
250053,20261220,1
250244,20261220,1
250247,20261220,1
250429,20261220,1
250430,20261220,1
250431,20261220,1
250604,20261220,1
251080,20261220,1
251081,20261220,1
249236,20261220,1
249667,20261221,1
249666,20261221,1
249671,20261221,1
249672,20261221,1
249683,20261221,1
249684,20261221,1
249685,20261221,1
249730,20261221,1
249733,20261221,1
249734,20261221,1
249887,20261221,1
249903,20261221,1
250058,20261221,1
250189,20261221,1
250244,20261221,1
250283,20261221,1
250284,20261221,1
250339,20261221,1
250363,20261221,1
250373,20261221,1
249232,20261221,1
249240,20261221,1
249283,20261221,1
249285,20261221,1
249427,20261221,1
249432,20261221,1
249436,20261221,1
249439,20261221,1
249456,20261221,1
249504,20261221,1
249505,20261221,1
249506,20261221,1
249508,20261221,1
249509,20261221,1
249668,20261221,1
249232,20261222,1
249245,20261222,1
249283,20261222,1
249285,20261222,1
249334,20261222,1
249427,20261222,1
249432,20261222,1
249436,20261222,1
249439,20261222,1
249456,20261222,1
249504,20261222,1
249505,20261222,1
249506,20261222,1
249508,20261222,1
249509,20261222,1
249666,20261222,1
249667,20261222,1
249668,20261222,1
249671,20261222,1
249672,20261222,1
249683,20261222,1
249684,20261222,1
249685,20261222,1
249730,20261222,1
249733,20261222,1
249734,20261222,1
249903,20261222,1
250058,20261222,1
250189,20261222,1
250244,20261222,1
250283,20261222,1
250284,20261222,1
250339,20261222,1
250363,20261222,1
250373,20261222,1
249232,20261223,1
250373,20261223,1
249283,20261223,1
249285,20261223,1
249334,20261223,1
249427,20261223,1
249432,20261223,1
249436,20261223,1
249439,20261223,1
249456,20261223,1
249504,20261223,1
249505,20261223,1
249506,20261223,1
249508,20261223,1
249509,20261223,1
249666,20261223,1
249667,20261223,1
249668,20261223,1
249671,20261223,1
249672,20261223,1
249683,20261223,1
249684,20261223,1
249685,20261223,1
249730,20261223,1
249733,20261223,1
249734,20261223,1
249903,20261223,1
250058,20261223,1
250189,20261223,1
250244,20261223,1
250283,20261223,1
250284,20261223,1
250339,20261223,1
250363,20261223,1
249245,20261223,1
250284,20261224,1
250283,20261224,1
249231,20261224,1
249232,20261224,1
249245,20261224,1
249283,20261224,1
249334,20261224,1
249337,20261224,1
249403,20261224,1
249427,20261224,1
249432,20261224,1
249436,20261224,1
249456,20261224,1
249504,20261224,1
249505,20261224,1
249506,20261224,1
249508,20261224,1
249509,20261224,1
249666,20261224,1
249667,20261224,1
249668,20261224,1
249671,20261224,1
249672,20261224,1
249683,20261224,1
249684,20261224,1
249730,20261224,1
249733,20261224,1
249734,20261224,1
249903,20261224,1
250244,20261224,1
250363,20261224,1
249224,20261225,1
251082,20261225,1
249236,20261225,1
249245,20261225,1
249334,20261225,1
249339,20261225,1
249887,20261225,1
249904,20261225,1
249940,20261225,1
249966,20261225,1
250047,20261225,1
250048,20261225,1
250049,20261225,1
250052,20261225,1
250053,20261225,1
250244,20261225,1
250247,20261225,1
250429,20261225,1
250430,20261225,1
250431,20261225,1
250604,20261225,1
251080,20261225,1
251081,20261225,1
249235,20261225,1
249235,20261226,1
251082,20261226,1
249240,20261226,1
249339,20261226,1
249887,20261226,1
249904,20261226,1
249940,20261226,1
249966,20261226,1
250047,20261226,1
250048,20261226,1
250049,20261226,1
250052,20261226,1
250053,20261226,1
250244,20261226,1
250247,20261226,1
250429,20261226,1
250430,20261226,1
250431,20261226,1
250604,20261226,1
251080,20261226,1
251081,20261226,1
249236,20261226,1
250429,20261227,1
250430,20261227,1
250431,20261227,1
250604,20261227,1
251080,20261227,1
251081,20261227,1
251082,20261227,1
249224,20261227,1
249235,20261227,1
249236,20261227,1
249240,20261227,1
249339,20261227,1
249887,20261227,1
249904,20261227,1
249940,20261227,1
249966,20261227,1
250047,20261227,1
250048,20261227,1
250049,20261227,1
250052,20261227,1
250053,20261227,1
250244,20261227,1
250247,20261227,1
249232,20261228,1
250373,20261228,1
249283,20261228,1
249285,20261228,1
249403,20261228,1
249427,20261228,1
249432,20261228,1
249436,20261228,1
249439,20261228,1
249456,20261228,1
249504,20261228,1
249505,20261228,1
249506,20261228,1
249508,20261228,1
249509,20261228,1
249666,20261228,1
249667,20261228,1
249668,20261228,1
249671,20261228,1
249672,20261228,1
249683,20261228,1
249684,20261228,1
249685,20261228,1
249730,20261228,1
249733,20261228,1
249734,20261228,1
249887,20261228,1
249903,20261228,1
250058,20261228,1
250189,20261228,1
250244,20261228,1
250283,20261228,1
250284,20261228,1
250339,20261228,1
250363,20261228,1
249240,20261228,1
249683,20261229,1
249672,20261229,1
249685,20261229,1
249730,20261229,1
249733,20261229,1
249734,20261229,1
249903,20261229,1
250058,20261229,1
250189,20261229,1
250244,20261229,1
250283,20261229,1
250284,20261229,1
250339,20261229,1
250363,20261229,1
250373,20261229,1
249232,20261229,1
249245,20261229,1
249283,20261229,1
249285,20261229,1
249334,20261229,1
249403,20261229,1
249427,20261229,1
249432,20261229,1
249436,20261229,1
249439,20261229,1
249456,20261229,1
249504,20261229,1
249505,20261229,1
249506,20261229,1
249508,20261229,1
249509,20261229,1
249666,20261229,1
249667,20261229,1
249668,20261229,1
249671,20261229,1
249684,20261229,1
249232,20261230,1
250373,20261230,1
249283,20261230,1
249285,20261230,1
249334,20261230,1
249403,20261230,1
249427,20261230,1
249432,20261230,1
249436,20261230,1
249439,20261230,1
249456,20261230,1
249504,20261230,1
249505,20261230,1
249506,20261230,1
249508,20261230,1
249509,20261230,1
249666,20261230,1
249667,20261230,1
249668,20261230,1
249671,20261230,1
249672,20261230,1
249683,20261230,1
249684,20261230,1
249685,20261230,1
249730,20261230,1
249733,20261230,1
249734,20261230,1
249903,20261230,1
250058,20261230,1
250189,20261230,1
250244,20261230,1
250283,20261230,1
250284,20261230,1
250339,20261230,1
250363,20261230,1
249245,20261230,1
249506,20261231,1
249505,20261231,1
249509,20261231,1
249666,20261231,1
249667,20261231,1
249668,20261231,1
249671,20261231,1
249672,20261231,1
249683,20261231,1
249684,20261231,1
249685,20261231,1
249730,20261231,1
249733,20261231,1
249734,20261231,1
249903,20261231,1
250058,20261231,1
250189,20261231,1
250244,20261231,1
250283,20261231,1
250284,20261231,1
250339,20261231,1
250363,20261231,1
250373,20261231,1
249232,20261231,1
249245,20261231,1
249283,20261231,1
249285,20261231,1
249334,20261231,1
249403,20261231,1
249427,20261231,1
249432,20261231,1
249436,20261231,1
249439,20261231,1
249456,20261231,1
249504,20261231,1
249508,20261231,1
250429,20270101,1
250247,20270101,1
250431,20270101,1
250604,20270101,1
251080,20270101,1
251081,20270101,1
251082,20270101,1
249224,20270101,1
249235,20270101,1
249236,20270101,1
249339,20270101,1
249904,20270101,1
249940,20270101,1
249966,20270101,1
250047,20270101,1
250048,20270101,1
250049,20270101,1
250052,20270101,1
250053,20270101,1
250244,20270101,1
250430,20270101,1
249235,20270102,1
251082,20270102,1
249240,20270102,1
249339,20270102,1
249887,20270102,1
249904,20270102,1
249940,20270102,1
249966,20270102,1
250047,20270102,1
250048,20270102,1
250049,20270102,1
250052,20270102,1
250053,20270102,1
250244,20270102,1
250247,20270102,1
250429,20270102,1
250430,20270102,1
250431,20270102,1
250604,20270102,1
251080,20270102,1
251081,20270102,1
249236,20270102,1
249224,20270103,1
251082,20270103,1
249236,20270103,1
249240,20270103,1
249339,20270103,1
249887,20270103,1
249904,20270103,1
249940,20270103,1
249966,20270103,1
250047,20270103,1
250048,20270103,1
250049,20270103,1
250052,20270103,1
250053,20270103,1
250244,20270103,1
250247,20270103,1
250429,20270103,1
250430,20270103,1
250431,20270103,1
250604,20270103,1
251080,20270103,1
251081,20270103,1
249235,20270103,1
249439,20270104,1
249436,20270104,1
249504,20270104,1
249505,20270104,1
249506,20270104,1
249508,20270104,1
249509,20270104,1
249666,20270104,1
249667,20270104,1
249668,20270104,1
249671,20270104,1
249672,20270104,1
249683,20270104,1
249684,20270104,1
249685,20270104,1
249730,20270104,1
249733,20270104,1
249734,20270104,1
249887,20270104,1
249903,20270104,1
250058,20270104,1
250189,20270104,1
250244,20270104,1
250283,20270104,1
250284,20270104,1
250339,20270104,1
250363,20270104,1
250373,20270104,1
249232,20270104,1
249240,20270104,1
249283,20270104,1
249285,20270104,1
249427,20270104,1
249432,20270104,1
249456,20270104,1
249232,20270105,1
250373,20270105,1
249283,20270105,1
249285,20270105,1
249334,20270105,1
249427,20270105,1
249432,20270105,1
249436,20270105,1
249439,20270105,1
249456,20270105,1
249504,20270105,1
249505,20270105,1
249506,20270105,1
249508,20270105,1
249509,20270105,1
249666,20270105,1
249667,20270105,1
249668,20270105,1
249671,20270105,1
249672,20270105,1
249683,20270105,1
249684,20270105,1
249685,20270105,1
249730,20270105,1
249733,20270105,1
249734,20270105,1
249903,20270105,1
250058,20270105,1
250189,20270105,1
250244,20270105,1
250283,20270105,1
250284,20270105,1
250339,20270105,1
250363,20270105,1
249245,20270105,1
249245,20270106,1
249232,20270106,1
249285,20270106,1
249334,20270106,1
249427,20270106,1
249432,20270106,1
249436,20270106,1
249439,20270106,1
249456,20270106,1
249504,20270106,1
249505,20270106,1
249506,20270106,1
249508,20270106,1
249509,20270106,1
249666,20270106,1
249667,20270106,1
249668,20270106,1
249671,20270106,1
249672,20270106,1
249683,20270106,1
249684,20270106,1
249685,20270106,1
249730,20270106,1
249733,20270106,1
249734,20270106,1
249903,20270106,1
250058,20270106,1
250189,20270106,1
250244,20270106,1
250283,20270106,1
250284,20270106,1
250339,20270106,1
250363,20270106,1
250373,20270106,1
249283,20270106,1
249232,20270107,1
250373,20270107,1
249283,20270107,1
249285,20270107,1
249334,20270107,1
249427,20270107,1
249432,20270107,1
249436,20270107,1
249439,20270107,1
249456,20270107,1
249504,20270107,1
249505,20270107,1
249506,20270107,1
249508,20270107,1
249509,20270107,1
249666,20270107,1
249667,20270107,1
249668,20270107,1
249671,20270107,1
249672,20270107,1
249683,20270107,1
249684,20270107,1
249685,20270107,1
249730,20270107,1
249733,20270107,1
249734,20270107,1
249903,20270107,1
250058,20270107,1
250189,20270107,1
250244,20270107,1
250283,20270107,1
250284,20270107,1
250339,20270107,1
250363,20270107,1
249245,20270107,1
250284,20270108,1
250283,20270108,1
250363,20270108,1
250373,20270108,1
249232,20270108,1
249245,20270108,1
249283,20270108,1
249285,20270108,1
249334,20270108,1
249427,20270108,1
249432,20270108,1
249436,20270108,1
249439,20270108,1
249456,20270108,1
249504,20270108,1
249505,20270108,1
249506,20270108,1
249508,20270108,1
249509,20270108,1
249666,20270108,1
249667,20270108,1
249668,20270108,1
249671,20270108,1
249672,20270108,1
249683,20270108,1
249684,20270108,1
249685,20270108,1
249730,20270108,1
249733,20270108,1
249734,20270108,1
249903,20270108,1
250058,20270108,1
250189,20270108,1
250244,20270108,1
250339,20270108,1
249235,20270109,1
251082,20270109,1
249245,20270109,1
249334,20270109,1
249339,20270109,1
249887,20270109,1
249904,20270109,1
249940,20270109,1
249966,20270109,1
250047,20270109,1
250048,20270109,1
250049,20270109,1
250052,20270109,1
250053,20270109,1
250244,20270109,1
250247,20270109,1
250429,20270109,1
250430,20270109,1
250431,20270109,1
250604,20270109,1
251080,20270109,1
251081,20270109,1
249236,20270109,1
249235,20270110,1
251082,20270110,1
249240,20270110,1
249339,20270110,1
249887,20270110,1
249904,20270110,1
249940,20270110,1
249966,20270110,1
250047,20270110,1
250048,20270110,1
250049,20270110,1
250052,20270110,1
250053,20270110,1
250244,20270110,1
250247,20270110,1
250429,20270110,1
250430,20270110,1
250431,20270110,1
250604,20270110,1
251080,20270110,1
251081,20270110,1
249236,20270110,1
249232,20270111,1
250373,20270111,1
249283,20270111,1
249285,20270111,1
249427,20270111,1
249432,20270111,1
249436,20270111,1
249439,20270111,1
249456,20270111,1
249504,20270111,1
249505,20270111,1
249506,20270111,1
249508,20270111,1
249509,20270111,1
249666,20270111,1
249667,20270111,1
249668,20270111,1
249671,20270111,1
249672,20270111,1
249683,20270111,1
249684,20270111,1
249685,20270111,1
249730,20270111,1
249733,20270111,1
249734,20270111,1
249887,20270111,1
249903,20270111,1
250058,20270111,1
250189,20270111,1
250244,20270111,1
250283,20270111,1
250284,20270111,1
250339,20270111,1
250363,20270111,1
249240,20270111,1
249505,20270112,1
250373,20270112,1
249508,20270112,1
249509,20270112,1
249232,20270112,1
249245,20270112,1
249283,20270112,1
249285,20270112,1
249334,20270112,1
249427,20270112,1
249432,20270112,1
249436,20270112,1
249439,20270112,1
249456,20270112,1
249504,20270112,1
249666,20270112,1
249667,20270112,1
249668,20270112,1
249671,20270112,1
249672,20270112,1
249683,20270112,1
249684,20270112,1
249685,20270112,1
249730,20270112,1
249733,20270112,1
249734,20270112,1
249903,20270112,1
250058,20270112,1
250189,20270112,1
250244,20270112,1
250283,20270112,1
250284,20270112,1
250339,20270112,1
250363,20270112,1
249506,20270112,1
249232,20270113,1
250373,20270113,1
249283,20270113,1
249285,20270113,1
249334,20270113,1
249427,20270113,1
249432,20270113,1
249436,20270113,1
249439,20270113,1
249456,20270113,1
249504,20270113,1
249505,20270113,1
249506,20270113,1
249508,20270113,1
249509,20270113,1
249666,20270113,1
249667,20270113,1
249668,20270113,1
249671,20270113,1
249672,20270113,1
249683,20270113,1
249684,20270113,1
249685,20270113,1
249730,20270113,1
249733,20270113,1
249734,20270113,1
249903,20270113,1
250058,20270113,1
250189,20270113,1
250244,20270113,1
250283,20270113,1
250284,20270113,1
250339,20270113,1
250363,20270113,1
249245,20270113,1
249427,20270114,1
250373,20270114,1
249436,20270114,1
249439,20270114,1
249232,20270114,1
249245,20270114,1
249283,20270114,1
249285,20270114,1
249334,20270114,1
249456,20270114,1
249504,20270114,1
249505,20270114,1
249506,20270114,1
249508,20270114,1
249509,20270114,1
249666,20270114,1
249667,20270114,1
249668,20270114,1
249671,20270114,1
249672,20270114,1
249683,20270114,1
249684,20270114,1
249685,20270114,1
249730,20270114,1
249733,20270114,1
249734,20270114,1
249903,20270114,1
250058,20270114,1
250189,20270114,1
250244,20270114,1
250283,20270114,1
250284,20270114,1
250339,20270114,1
250363,20270114,1
249432,20270114,1
250373,20270115,1
250363,20270115,1
249245,20270115,1
249283,20270115,1
249285,20270115,1
249334,20270115,1
249427,20270115,1
249432,20270115,1
249436,20270115,1
249439,20270115,1
249456,20270115,1
249504,20270115,1
249505,20270115,1
249506,20270115,1
249508,20270115,1
249509,20270115,1
249666,20270115,1
249667,20270115,1
249668,20270115,1
249671,20270115,1
249672,20270115,1
249683,20270115,1
249684,20270115,1
249685,20270115,1
249730,20270115,1
249733,20270115,1
249734,20270115,1
249903,20270115,1
250058,20270115,1
250189,20270115,1
250244,20270115,1
250283,20270115,1
250284,20270115,1
250339,20270115,1
249232,20270115,1
249235,20270116,1
251082,20270116,1
249245,20270116,1
249334,20270116,1
249339,20270116,1
249887,20270116,1
249904,20270116,1
249940,20270116,1
249966,20270116,1
250047,20270116,1
250048,20270116,1
250049,20270116,1
250052,20270116,1
250053,20270116,1
250244,20270116,1
250247,20270116,1
250429,20270116,1
250430,20270116,1
250431,20270116,1
250604,20270116,1
251080,20270116,1
251081,20270116,1
249236,20270116,1
249235,20270117,1
249236,20270117,1
249240,20270117,1
249339,20270117,1
249887,20270117,1
249904,20270117,1
249940,20270117,1
249966,20270117,1
250047,20270117,1
250048,20270117,1
250049,20270117,1
250052,20270117,1
250053,20270117,1
250244,20270117,1
250247,20270117,1
250429,20270117,1
250430,20270117,1
250431,20270117,1
250604,20270117,1
251080,20270117,1
251081,20270117,1
251082,20270117,1
250430,20270118,1
251082,20270118,1
250604,20270118,1
251080,20270118,1
249224,20270118,1
249235,20270118,1
249236,20270118,1
249240,20270118,1
249339,20270118,1
249359,20270118,1
249361,20270118,1
249887,20270118,1
249904,20270118,1
249940,20270118,1
250047,20270118,1
250048,20270118,1
250049,20270118,1
250052,20270118,1
250053,20270118,1
250244,20270118,1
250247,20270118,1
250429,20270118,1
251081,20270118,1
250431,20270118,1
249232,20270119,1
250373,20270119,1
249283,20270119,1
249285,20270119,1
249427,20270119,1
249432,20270119,1
249436,20270119,1
249439,20270119,1
249456,20270119,1
249504,20270119,1
249505,20270119,1
249506,20270119,1
249508,20270119,1
249509,20270119,1
249666,20270119,1
249667,20270119,1
249668,20270119,1
249671,20270119,1
249672,20270119,1
249683,20270119,1
249684,20270119,1
249685,20270119,1
249730,20270119,1
249733,20270119,1
249734,20270119,1
249887,20270119,1
249903,20270119,1
250058,20270119,1
250189,20270119,1
250244,20270119,1
250283,20270119,1
250284,20270119,1
250339,20270119,1
250363,20270119,1
249240,20270119,1
249730,20270120,1
250373,20270120,1
249734,20270120,1
249903,20270120,1
249232,20270120,1
249245,20270120,1
249283,20270120,1
249285,20270120,1
249334,20270120,1
249427,20270120,1
249432,20270120,1
249436,20270120,1
249439,20270120,1
249456,20270120,1
249504,20270120,1
249505,20270120,1
249506,20270120,1
249508,20270120,1
249509,20270120,1
249666,20270120,1
249667,20270120,1
249668,20270120,1
249671,20270120,1
249672,20270120,1
249683,20270120,1
249684,20270120,1
249685,20270120,1
250058,20270120,1
250189,20270120,1
250244,20270120,1
250283,20270120,1
250284,20270120,1
250339,20270120,1
250363,20270120,1
249733,20270120,1
249232,20270121,1
250373,20270121,1
249283,20270121,1
249285,20270121,1
249334,20270121,1
249427,20270121,1
249432,20270121,1
249436,20270121,1
249439,20270121,1
249456,20270121,1
249504,20270121,1
249505,20270121,1
249506,20270121,1
249508,20270121,1
249509,20270121,1
249666,20270121,1
249667,20270121,1
249668,20270121,1
249671,20270121,1
249672,20270121,1
249683,20270121,1
249684,20270121,1
249685,20270121,1
249730,20270121,1
249733,20270121,1
249734,20270121,1
249903,20270121,1
250058,20270121,1
250189,20270121,1
250244,20270121,1
250283,20270121,1
250284,20270121,1
250339,20270121,1
250363,20270121,1
249245,20270121,1
249668,20270122,1
250373,20270122,1
249672,20270122,1
249683,20270122,1
249232,20270122,1
249245,20270122,1
249283,20270122,1
249285,20270122,1
249334,20270122,1
249427,20270122,1
249432,20270122,1
249436,20270122,1
249439,20270122,1
249456,20270122,1
249504,20270122,1
249505,20270122,1
249506,20270122,1
249508,20270122,1
249509,20270122,1
249666,20270122,1
249667,20270122,1
249684,20270122,1
249685,20270122,1
249730,20270122,1
249733,20270122,1
249734,20270122,1
249903,20270122,1
250058,20270122,1
250189,20270122,1
250244,20270122,1
250283,20270122,1
250284,20270122,1
250339,20270122,1
250363,20270122,1
249671,20270122,1
249235,20270123,1
251082,20270123,1
249245,20270123,1
249334,20270123,1
249339,20270123,1
249887,20270123,1
249904,20270123,1
249940,20270123,1
249966,20270123,1
250047,20270123,1
250048,20270123,1
250049,20270123,1
250052,20270123,1
250053,20270123,1
250244,20270123,1
250247,20270123,1
250429,20270123,1
250430,20270123,1
250431,20270123,1
250604,20270123,1
251080,20270123,1
251081,20270123,1
249236,20270123,1
249235,20270124,1
251082,20270124,1
249240,20270124,1
249339,20270124,1
249887,20270124,1
249904,20270124,1
249940,20270124,1
249966,20270124,1
250047,20270124,1
250048,20270124,1
250049,20270124,1
250052,20270124,1
250053,20270124,1
250244,20270124,1
250247,20270124,1
250429,20270124,1
250430,20270124,1
250431,20270124,1
250604,20270124,1
251080,20270124,1
251081,20270124,1
249236,20270124,1
249240,20270125,1
250373,20270125,1
249285,20270125,1
249427,20270125,1
249232,20270125,1
249432,20270125,1
249436,20270125,1
249439,20270125,1
249456,20270125,1
249504,20270125,1
249505,20270125,1
249506,20270125,1
249508,20270125,1
249509,20270125,1
249666,20270125,1
249667,20270125,1
249668,20270125,1
249671,20270125,1
249672,20270125,1
249683,20270125,1
249684,20270125,1
249685,20270125,1
249730,20270125,1
249733,20270125,1
249734,20270125,1
249887,20270125,1
249903,20270125,1
250058,20270125,1
250189,20270125,1
250244,20270125,1
250283,20270125,1
250284,20270125,1
250339,20270125,1
250363,20270125,1
249283,20270125,1
250283,20270126,1
250373,20270126,1
250339,20270126,1
250363,20270126,1
249232,20270126,1
249245,20270126,1
249283,20270126,1
249285,20270126,1
249334,20270126,1
249427,20270126,1
249432,20270126,1
249436,20270126,1
249439,20270126,1
249456,20270126,1
249504,20270126,1
249505,20270126,1
249506,20270126,1
249508,20270126,1
249509,20270126,1
249666,20270126,1
249667,20270126,1
249668,20270126,1
249671,20270126,1
249672,20270126,1
249683,20270126,1
249684,20270126,1
249685,20270126,1
249730,20270126,1
249733,20270126,1
249734,20270126,1
249903,20270126,1
250058,20270126,1
250189,20270126,1
250244,20270126,1
250284,20270126,1
249232,20270127,1
250373,20270127,1
249283,20270127,1
249285,20270127,1
249334,20270127,1
249427,20270127,1
249432,20270127,1
249436,20270127,1
249439,20270127,1
249456,20270127,1
249504,20270127,1
249505,20270127,1
249506,20270127,1
249508,20270127,1
249509,20270127,1
249666,20270127,1
249667,20270127,1
249668,20270127,1
249671,20270127,1
249672,20270127,1
249683,20270127,1
249684,20270127,1
249685,20270127,1
249730,20270127,1
249733,20270127,1
249734,20270127,1
249903,20270127,1
250058,20270127,1
250189,20270127,1
250244,20270127,1
250283,20270127,1
250284,20270127,1
250339,20270127,1
250363,20270127,1
249245,20270127,1
249733,20270128,1
250373,20270128,1
249903,20270128,1
250058,20270128,1
249232,20270128,1
249245,20270128,1
249283,20270128,1
249285,20270128,1
249334,20270128,1
249427,20270128,1
249432,20270128,1
249436,20270128,1
249439,20270128,1
249456,20270128,1
249504,20270128,1
249505,20270128,1
249506,20270128,1
249508,20270128,1
249509,20270128,1
249666,20270128,1
249667,20270128,1
249668,20270128,1
249671,20270128,1
249672,20270128,1
249683,20270128,1
249684,20270128,1
249685,20270128,1
249730,20270128,1
250189,20270128,1
250244,20270128,1
250283,20270128,1
250284,20270128,1
250339,20270128,1
250363,20270128,1
249734,20270128,1
249232,20270129,1
250373,20270129,1
249283,20270129,1
249285,20270129,1
249334,20270129,1
249427,20270129,1
249432,20270129,1
249436,20270129,1
249439,20270129,1
249456,20270129,1
249504,20270129,1
249505,20270129,1
249506,20270129,1
249508,20270129,1
249509,20270129,1
249666,20270129,1
249667,20270129,1
249668,20270129,1
249671,20270129,1
249672,20270129,1
249683,20270129,1
249684,20270129,1
249685,20270129,1
249730,20270129,1
249733,20270129,1
249734,20270129,1
249903,20270129,1
250058,20270129,1
250189,20270129,1
250244,20270129,1
250283,20270129,1
250284,20270129,1
250339,20270129,1
250363,20270129,1
249245,20270129,1
250431,20270130,1
251082,20270130,1
251080,20270130,1
251081,20270130,1
249235,20270130,1
249236,20270130,1
249245,20270130,1
249334,20270130,1
249339,20270130,1
249887,20270130,1
249904,20270130,1
249940,20270130,1
249966,20270130,1
250047,20270130,1
250048,20270130,1
250049,20270130,1
250052,20270130,1
250053,20270130,1
250244,20270130,1
250247,20270130,1
250429,20270130,1
250430,20270130,1
250604,20270130,1
250604,20270131,1
250431,20270131,1
251081,20270131,1
251082,20270131,1
249235,20270131,1
249236,20270131,1
249240,20270131,1
249339,20270131,1
249887,20270131,1
249904,20270131,1
249940,20270131,1
249966,20270131,1
250047,20270131,1
250048,20270131,1
250049,20270131,1
250052,20270131,1
250053,20270131,1
250244,20270131,1
250247,20270131,1
250429,20270131,1
250430,20270131,1
251080,20270131,1
249232,20270201,1
250373,20270201,1
249283,20270201,1
249285,20270201,1
249427,20270201,1
249432,20270201,1
249436,20270201,1
249439,20270201,1
249456,20270201,1
249504,20270201,1
249505,20270201,1
249506,20270201,1
249508,20270201,1
249509,20270201,1
249666,20270201,1
249667,20270201,1
249668,20270201,1
249671,20270201,1
249672,20270201,1
249683,20270201,1
249684,20270201,1
249685,20270201,1
249730,20270201,1
249733,20270201,1
249734,20270201,1
249887,20270201,1
249903,20270201,1
250058,20270201,1
250189,20270201,1
250244,20270201,1
250283,20270201,1
250284,20270201,1
250339,20270201,1
250363,20270201,1
249240,20270201,1
249232,20270202,1
250373,20270202,1
249283,20270202,1
249285,20270202,1
249334,20270202,1
249427,20270202,1
249432,20270202,1
249436,20270202,1
249439,20270202,1
249456,20270202,1
249504,20270202,1
249505,20270202,1
249506,20270202,1
249508,20270202,1
249509,20270202,1
249666,20270202,1
249667,20270202,1
249668,20270202,1
249671,20270202,1
249672,20270202,1
249683,20270202,1
249684,20270202,1
249685,20270202,1
249730,20270202,1
249733,20270202,1
249734,20270202,1
249903,20270202,1
250058,20270202,1
250189,20270202,1
250244,20270202,1
250283,20270202,1
250284,20270202,1
250339,20270202,1
250363,20270202,1
249245,20270202,1
250283,20270203,1
250244,20270203,1
250339,20270203,1
250363,20270203,1
250373,20270203,1
249232,20270203,1
249245,20270203,1
249283,20270203,1
249285,20270203,1
249334,20270203,1
249427,20270203,1
249432,20270203,1
249436,20270203,1
249439,20270203,1
249456,20270203,1
249504,20270203,1
249505,20270203,1
249506,20270203,1
249508,20270203,1
249509,20270203,1
249666,20270203,1
249667,20270203,1
249668,20270203,1
249671,20270203,1
249672,20270203,1
249683,20270203,1
249684,20270203,1
249685,20270203,1
249730,20270203,1
249733,20270203,1
249734,20270203,1
249903,20270203,1
250058,20270203,1
250189,20270203,1
250284,20270203,1
249232,20270204,1
250373,20270204,1
249283,20270204,1
249285,20270204,1
249334,20270204,1
249427,20270204,1
249432,20270204,1
249436,20270204,1
249439,20270204,1
249456,20270204,1
249504,20270204,1
249505,20270204,1
249506,20270204,1
249508,20270204,1
249509,20270204,1
249666,20270204,1
249667,20270204,1
249668,20270204,1
249671,20270204,1
249672,20270204,1
249683,20270204,1
249684,20270204,1
249685,20270204,1
249730,20270204,1
249733,20270204,1
249734,20270204,1
249903,20270204,1
250058,20270204,1
250189,20270204,1
250244,20270204,1
250283,20270204,1
250284,20270204,1
250339,20270204,1
250363,20270204,1
249245,20270204,1
249733,20270205,1
250373,20270205,1
249903,20270205,1
250058,20270205,1
250189,20270205,1
249232,20270205,1
249245,20270205,1
249283,20270205,1
249285,20270205,1
249334,20270205,1
249427,20270205,1
249432,20270205,1
249436,20270205,1
249439,20270205,1
249456,20270205,1
249504,20270205,1
249505,20270205,1
249506,20270205,1
249508,20270205,1
249509,20270205,1
249666,20270205,1
249667,20270205,1
249668,20270205,1
249671,20270205,1
249672,20270205,1
249683,20270205,1
249684,20270205,1
249685,20270205,1
249730,20270205,1
250244,20270205,1
250283,20270205,1
250284,20270205,1
250339,20270205,1
250363,20270205,1
249734,20270205,1
249235,20270206,1
251082,20270206,1
249245,20270206,1
249334,20270206,1
249339,20270206,1
249887,20270206,1
249904,20270206,1
249940,20270206,1
249966,20270206,1
250047,20270206,1
250048,20270206,1
250049,20270206,1
250052,20270206,1
250053,20270206,1
250244,20270206,1
250247,20270206,1
250429,20270206,1
250430,20270206,1
250431,20270206,1
250604,20270206,1
251080,20270206,1
251081,20270206,1
249236,20270206,1
249235,20270207,1
251082,20270207,1
249240,20270207,1
249339,20270207,1
249887,20270207,1
249904,20270207,1
249940,20270207,1
249966,20270207,1
250047,20270207,1
250048,20270207,1
250049,20270207,1
250052,20270207,1
250053,20270207,1
250244,20270207,1
250247,20270207,1
250429,20270207,1
250430,20270207,1
250431,20270207,1
250604,20270207,1
251080,20270207,1
251081,20270207,1
249236,20270207,1
249456,20270208,1
250373,20270208,1
249505,20270208,1
249506,20270208,1
249508,20270208,1
249232,20270208,1
249240,20270208,1
249283,20270208,1
249285,20270208,1
249427,20270208,1
249432,20270208,1
249436,20270208,1
249439,20270208,1
249509,20270208,1
249666,20270208,1
249667,20270208,1
249668,20270208,1
249671,20270208,1
249672,20270208,1
249683,20270208,1
249684,20270208,1
249685,20270208,1
249730,20270208,1
249733,20270208,1
249734,20270208,1
249887,20270208,1
249903,20270208,1
250058,20270208,1
250189,20270208,1
250244,20270208,1
250283,20270208,1
250284,20270208,1
250339,20270208,1
250363,20270208,1
249504,20270208,1
249232,20270209,1
250373,20270209,1
249283,20270209,1
249285,20270209,1
249334,20270209,1
249427,20270209,1
249432,20270209,1
249436,20270209,1
249439,20270209,1
249456,20270209,1
249504,20270209,1
249505,20270209,1
249506,20270209,1
249508,20270209,1
249509,20270209,1
249666,20270209,1
249667,20270209,1
249668,20270209,1
249671,20270209,1
249672,20270209,1
249683,20270209,1
249684,20270209,1
249685,20270209,1
249730,20270209,1
249733,20270209,1
249734,20270209,1
249903,20270209,1
250058,20270209,1
250189,20270209,1
250244,20270209,1
250283,20270209,1
250284,20270209,1
250339,20270209,1
250363,20270209,1
249245,20270209,1
249506,20270210,1
249245,20270210,1
249509,20270210,1
249666,20270210,1
249667,20270210,1
249668,20270210,1
249671,20270210,1
249672,20270210,1
249683,20270210,1
249684,20270210,1
249685,20270210,1
249730,20270210,1
249733,20270210,1
249734,20270210,1
249903,20270210,1
250058,20270210,1
250189,20270210,1
250244,20270210,1
250283,20270210,1
250284,20270210,1
250339,20270210,1
250363,20270210,1
250373,20270210,1
249283,20270210,1
249285,20270210,1
249334,20270210,1
249427,20270210,1
249432,20270210,1
249436,20270210,1
249439,20270210,1
249456,20270210,1
249504,20270210,1
249505,20270210,1
249232,20270210,1
249508,20270210,1
249334,20270211,1
249285,20270211,1
249432,20270211,1
249436,20270211,1
249439,20270211,1
249456,20270211,1
249504,20270211,1
249505,20270211,1
249506,20270211,1
249508,20270211,1
249509,20270211,1
249666,20270211,1
249667,20270211,1
249668,20270211,1
249671,20270211,1
249672,20270211,1
249683,20270211,1
249684,20270211,1
249685,20270211,1
249730,20270211,1
249733,20270211,1
249734,20270211,1
249903,20270211,1
250058,20270211,1
250189,20270211,1
250244,20270211,1
250283,20270211,1
250284,20270211,1
250339,20270211,1
250363,20270211,1
250373,20270211,1
249232,20270211,1
249245,20270211,1
249283,20270211,1
249427,20270211,1
249232,20270212,1
250339,20270212,1
249283,20270212,1
249285,20270212,1
249334,20270212,1
249427,20270212,1
250363,20270212,1
250373,20270212,1
249432,20270212,1
249436,20270212,1
249439,20270212,1
249456,20270212,1
249504,20270212,1
249505,20270212,1
249506,20270212,1
249508,20270212,1
249509,20270212,1
249666,20270212,1
249667,20270212,1
249668,20270212,1
249671,20270212,1
249672,20270212,1
249683,20270212,1
249684,20270212,1
249685,20270212,1
249730,20270212,1
249733,20270212,1
249734,20270212,1
249903,20270212,1
250058,20270212,1
250189,20270212,1
250244,20270212,1
250283,20270212,1
250284,20270212,1
249245,20270212,1
249235,20270213,1
251082,20270213,1
249245,20270213,1
249334,20270213,1
249339,20270213,1
249887,20270213,1
249904,20270213,1
249940,20270213,1
249966,20270213,1
250047,20270213,1
250048,20270213,1
250049,20270213,1
250052,20270213,1
250053,20270213,1
250244,20270213,1
250247,20270213,1
250429,20270213,1
250430,20270213,1
250431,20270213,1
250604,20270213,1
251080,20270213,1
251081,20270213,1
249236,20270213,1
249235,20270214,1
249236,20270214,1
249240,20270214,1
249339,20270214,1
249887,20270214,1
249904,20270214,1
249940,20270214,1
249966,20270214,1
250047,20270214,1
250048,20270214,1
250049,20270214,1
250052,20270214,1
250053,20270214,1
250244,20270214,1
250247,20270214,1
250429,20270214,1
250430,20270214,1
250431,20270214,1
250604,20270214,1
251080,20270214,1
251081,20270214,1
251082,20270214,1
250429,20270215,1
250247,20270215,1
250431,20270215,1
250604,20270215,1
251080,20270215,1
251081,20270215,1
251082,20270215,1
249224,20270215,1
249235,20270215,1
249236,20270215,1
249240,20270215,1
249339,20270215,1
249359,20270215,1
249361,20270215,1
249887,20270215,1
249904,20270215,1
249940,20270215,1
250047,20270215,1
250048,20270215,1
250049,20270215,1
250052,20270215,1
250053,20270215,1
250244,20270215,1
250430,20270215,1
249232,20270216,1
250373,20270216,1
249283,20270216,1
249285,20270216,1
249427,20270216,1
249432,20270216,1
249436,20270216,1
249439,20270216,1
249456,20270216,1
249504,20270216,1
249505,20270216,1
249506,20270216,1
249508,20270216,1
249509,20270216,1
249666,20270216,1
249667,20270216,1
249668,20270216,1
249671,20270216,1
249672,20270216,1
249683,20270216,1
249684,20270216,1
249685,20270216,1
249730,20270216,1
249733,20270216,1
249734,20270216,1
249887,20270216,1
249903,20270216,1
250058,20270216,1
250189,20270216,1
250244,20270216,1
250283,20270216,1
250284,20270216,1
250339,20270216,1
250363,20270216,1
249240,20270216,1
249685,20270217,1
249684,20270217,1
249733,20270217,1
249734,20270217,1
249903,20270217,1
250058,20270217,1
250189,20270217,1
250244,20270217,1
250283,20270217,1
250284,20270217,1
250339,20270217,1
250363,20270217,1
250373,20270217,1
249232,20270217,1
249245,20270217,1
249283,20270217,1
249285,20270217,1
249334,20270217,1
249427,20270217,1
249432,20270217,1
249436,20270217,1
249439,20270217,1
249456,20270217,1
249504,20270217,1
249505,20270217,1
249506,20270217,1
249508,20270217,1
249509,20270217,1
249666,20270217,1
249667,20270217,1
249668,20270217,1
249671,20270217,1
249672,20270217,1
249683,20270217,1
249730,20270217,1
249232,20270218,1
250373,20270218,1
249283,20270218,1
249285,20270218,1
249334,20270218,1
249427,20270218,1
249432,20270218,1
249436,20270218,1
249439,20270218,1
249456,20270218,1
249504,20270218,1
249505,20270218,1
249506,20270218,1
249508,20270218,1
249509,20270218,1
249666,20270218,1
249667,20270218,1
249668,20270218,1
249671,20270218,1
249672,20270218,1
249683,20270218,1
249684,20270218,1
249685,20270218,1
249730,20270218,1
249733,20270218,1
249734,20270218,1
249903,20270218,1
250058,20270218,1
250189,20270218,1
250244,20270218,1
250283,20270218,1
250284,20270218,1
250339,20270218,1
250363,20270218,1
249245,20270218,1
249667,20270219,1
249666,20270219,1
249671,20270219,1
249672,20270219,1
249683,20270219,1
249684,20270219,1
249685,20270219,1
249730,20270219,1
249733,20270219,1
249734,20270219,1
249903,20270219,1
250058,20270219,1
250189,20270219,1
250244,20270219,1
250283,20270219,1
250284,20270219,1
250339,20270219,1
250363,20270219,1
250373,20270219,1
249232,20270219,1
249245,20270219,1
249283,20270219,1
249285,20270219,1
249334,20270219,1
249427,20270219,1
249432,20270219,1
249436,20270219,1
249439,20270219,1
249456,20270219,1
249504,20270219,1
249505,20270219,1
249506,20270219,1
249508,20270219,1
249509,20270219,1
249668,20270219,1
249235,20270220,1
251082,20270220,1
249245,20270220,1
249334,20270220,1
249339,20270220,1
249887,20270220,1
249904,20270220,1
249940,20270220,1
249966,20270220,1
250047,20270220,1
250048,20270220,1
250049,20270220,1
250052,20270220,1
250053,20270220,1
250244,20270220,1
250247,20270220,1
250429,20270220,1
250430,20270220,1
250431,20270220,1
250604,20270220,1
251080,20270220,1
251081,20270220,1
249236,20270220,1
249235,20270221,1
251082,20270221,1
249240,20270221,1
249339,20270221,1
249887,20270221,1
249904,20270221,1
249940,20270221,1
249966,20270221,1
250047,20270221,1
250048,20270221,1
250049,20270221,1
250052,20270221,1
250053,20270221,1
250244,20270221,1
250247,20270221,1
250429,20270221,1
250430,20270221,1
250431,20270221,1
250604,20270221,1
251080,20270221,1
251081,20270221,1
249236,20270221,1
249232,20270222,1
250373,20270222,1
249283,20270222,1
249285,20270222,1
249427,20270222,1
249432,20270222,1
249436,20270222,1
249439,20270222,1
249456,20270222,1
249504,20270222,1
249505,20270222,1
249506,20270222,1
249508,20270222,1
249509,20270222,1
249666,20270222,1
249667,20270222,1
249668,20270222,1
249671,20270222,1
249672,20270222,1
249683,20270222,1
249684,20270222,1
249685,20270222,1
249730,20270222,1
249733,20270222,1
249734,20270222,1
249887,20270222,1
249903,20270222,1
250058,20270222,1
250189,20270222,1
250244,20270222,1
250283,20270222,1
250284,20270222,1
250339,20270222,1
250363,20270222,1
249240,20270222,1
249232,20270223,1
250189,20270223,1
250244,20270223,1
250283,20270223,1
250284,20270223,1
250339,20270223,1
250363,20270223,1
250373,20270223,1
249283,20270223,1
249285,20270223,1
249334,20270223,1
249427,20270223,1
249432,20270223,1
249436,20270223,1
249439,20270223,1
249456,20270223,1
249504,20270223,1
249505,20270223,1
249506,20270223,1
249508,20270223,1
249509,20270223,1
249666,20270223,1
249667,20270223,1
249668,20270223,1
249671,20270223,1
249672,20270223,1
249683,20270223,1
249684,20270223,1
249685,20270223,1
249730,20270223,1
249733,20270223,1
249734,20270223,1
249903,20270223,1
250058,20270223,1
249245,20270223,1
249232,20270224,1
250373,20270224,1
249283,20270224,1
249285,20270224,1
249334,20270224,1
249427,20270224,1
249432,20270224,1
249436,20270224,1
249439,20270224,1
249456,20270224,1
249504,20270224,1
249505,20270224,1
249506,20270224,1
249508,20270224,1
249509,20270224,1
249666,20270224,1
249667,20270224,1
249668,20270224,1
249671,20270224,1
249672,20270224,1
249683,20270224,1
249684,20270224,1
249685,20270224,1
249730,20270224,1
249733,20270224,1
249734,20270224,1
249903,20270224,1
250058,20270224,1
250189,20270224,1
250244,20270224,1
250283,20270224,1
250284,20270224,1
250339,20270224,1
250363,20270224,1
249245,20270224,1
249730,20270225,1
249685,20270225,1
249734,20270225,1
249903,20270225,1
250058,20270225,1
250189,20270225,1
250244,20270225,1
250283,20270225,1
250284,20270225,1
250339,20270225,1
250363,20270225,1
250373,20270225,1
249232,20270225,1
249245,20270225,1
249283,20270225,1
249285,20270225,1
249334,20270225,1
249427,20270225,1
249432,20270225,1
249436,20270225,1
249439,20270225,1
249456,20270225,1
249504,20270225,1
249505,20270225,1
249506,20270225,1
249508,20270225,1
249509,20270225,1
249666,20270225,1
249667,20270225,1
249668,20270225,1
249671,20270225,1
249672,20270225,1
249683,20270225,1
249684,20270225,1
249733,20270225,1
249232,20270226,1
250373,20270226,1
249283,20270226,1
249285,20270226,1
249334,20270226,1
249427,20270226,1
249432,20270226,1
249436,20270226,1
249439,20270226,1
249456,20270226,1
249504,20270226,1
249505,20270226,1
249506,20270226,1
249508,20270226,1
249509,20270226,1
249666,20270226,1
249667,20270226,1
249668,20270226,1
249671,20270226,1
249672,20270226,1
249683,20270226,1
249684,20270226,1
249685,20270226,1
249730,20270226,1
249733,20270226,1
249734,20270226,1
249903,20270226,1
250058,20270226,1
250189,20270226,1
250244,20270226,1
250283,20270226,1
250284,20270226,1
250339,20270226,1
250363,20270226,1
249245,20270226,1
249966,20270227,1
249940,20270227,1
250048,20270227,1
250049,20270227,1
250052,20270227,1
250053,20270227,1
250244,20270227,1
250247,20270227,1
250429,20270227,1
250430,20270227,1
250431,20270227,1
250604,20270227,1
251080,20270227,1
251081,20270227,1
251082,20270227,1
249235,20270227,1
249236,20270227,1
249245,20270227,1
249334,20270227,1
249339,20270227,1
249887,20270227,1
249904,20270227,1
250047,20270227,1
249235,20270228,1
251082,20270228,1
249240,20270228,1
249339,20270228,1
249887,20270228,1
249904,20270228,1
249940,20270228,1
249966,20270228,1
250047,20270228,1
250048,20270228,1
250049,20270228,1
250052,20270228,1
250053,20270228,1
250244,20270228,1
250247,20270228,1
250429,20270228,1
250430,20270228,1
250431,20270228,1
250604,20270228,1
251080,20270228,1
251081,20270228,1
249236,20270228,1
249504,20270301,1
249505,20270301,1
249506,20270301,1
249508,20270301,1
249509,20270301,1
249666,20270301,1
249667,20270301,1
249668,20270301,1
249671,20270301,1
249672,20270301,1
249683,20270301,1
249684,20270301,1
249685,20270301,1
249730,20270301,1
249733,20270301,1
249734,20270301,1
249887,20270301,1
249903,20270301,1
250058,20270301,1
250189,20270301,1
250244,20270301,1
250283,20270301,1
250284,20270301,1
250339,20270301,1
250363,20270301,1
250373,20270301,1
249232,20270301,1
249240,20270301,1
249283,20270301,1
249285,20270301,1
249427,20270301,1
249432,20270301,1
249436,20270301,1
249439,20270301,1
249456,20270301,1
249232,20270302,1
250373,20270302,1
249283,20270302,1
249285,20270302,1
249334,20270302,1
249427,20270302,1
249432,20270302,1
249436,20270302,1
249439,20270302,1
249456,20270302,1
249504,20270302,1
249505,20270302,1
249506,20270302,1
249508,20270302,1
249509,20270302,1
249666,20270302,1
249667,20270302,1
249668,20270302,1
249671,20270302,1
249672,20270302,1
249683,20270302,1
249684,20270302,1
249685,20270302,1
249730,20270302,1
249733,20270302,1
249734,20270302,1
249903,20270302,1
250058,20270302,1
250189,20270302,1
250244,20270302,1
250283,20270302,1
250284,20270302,1
250339,20270302,1
250363,20270302,1
249245,20270302,1
249232,20270303,1
250373,20270303,1
249283,20270303,1
249285,20270303,1
249334,20270303,1
249427,20270303,1
249432,20270303,1
249436,20270303,1
249439,20270303,1
249456,20270303,1
249504,20270303,1
249505,20270303,1
249506,20270303,1
249508,20270303,1
249509,20270303,1
249666,20270303,1
249667,20270303,1
249668,20270303,1
249671,20270303,1
249672,20270303,1
249683,20270303,1
249684,20270303,1
249685,20270303,1
249730,20270303,1
249733,20270303,1
249734,20270303,1
249903,20270303,1
250058,20270303,1
250189,20270303,1
250244,20270303,1
250283,20270303,1
250284,20270303,1
250339,20270303,1
250363,20270303,1
249245,20270303,1
249667,20270304,1
250373,20270304,1
249671,20270304,1
249672,20270304,1
249683,20270304,1
249684,20270304,1
249685,20270304,1
249730,20270304,1
249733,20270304,1
249734,20270304,1
249903,20270304,1
250058,20270304,1
250189,20270304,1
250244,20270304,1
250283,20270304,1
250284,20270304,1
249232,20270304,1
249245,20270304,1
249283,20270304,1
249285,20270304,1
249334,20270304,1
249427,20270304,1
249432,20270304,1
249436,20270304,1
249439,20270304,1
249456,20270304,1
249504,20270304,1
249505,20270304,1
249506,20270304,1
249508,20270304,1
249509,20270304,1
249666,20270304,1
250339,20270304,1
250363,20270304,1
249668,20270304,1
249232,20270305,1
250373,20270305,1
249283,20270305,1
249285,20270305,1
249334,20270305,1
249427,20270305,1
249432,20270305,1
249436,20270305,1
249439,20270305,1
249456,20270305,1
249504,20270305,1
249505,20270305,1
249506,20270305,1
249508,20270305,1
249509,20270305,1
249666,20270305,1
249667,20270305,1
249668,20270305,1
249671,20270305,1
249672,20270305,1
249683,20270305,1
249684,20270305,1
249685,20270305,1
249730,20270305,1
249733,20270305,1
249734,20270305,1
249903,20270305,1
250058,20270305,1
250189,20270305,1
250244,20270305,1
250283,20270305,1
250284,20270305,1
250339,20270305,1
250363,20270305,1
249245,20270305,1
250048,20270306,1
250047,20270306,1
250052,20270306,1
250053,20270306,1
250244,20270306,1
250247,20270306,1
250429,20270306,1
250430,20270306,1
250431,20270306,1
250604,20270306,1
251080,20270306,1
251081,20270306,1
251082,20270306,1
249235,20270306,1
249236,20270306,1
249245,20270306,1
249334,20270306,1
249339,20270306,1
249887,20270306,1
249904,20270306,1
249940,20270306,1
249966,20270306,1
250049,20270306,1
249235,20270307,1
251082,20270307,1
249240,20270307,1
249339,20270307,1
249887,20270307,1
249904,20270307,1
249940,20270307,1
249966,20270307,1
250047,20270307,1
250048,20270307,1
250049,20270307,1
250052,20270307,1
250053,20270307,1
250244,20270307,1
250247,20270307,1
250429,20270307,1
250430,20270307,1
250431,20270307,1
250604,20270307,1
251080,20270307,1
251081,20270307,1
249236,20270307,1
250244,20270308,1
250189,20270308,1
250284,20270308,1
250339,20270308,1
250363,20270308,1
250373,20270308,1
249232,20270308,1
249240,20270308,1
249283,20270308,1
249285,20270308,1
249427,20270308,1
249432,20270308,1
249436,20270308,1
249439,20270308,1
249456,20270308,1
249504,20270308,1
249505,20270308,1
249506,20270308,1
249508,20270308,1
249509,20270308,1
249666,20270308,1
249667,20270308,1
249668,20270308,1
249671,20270308,1
249672,20270308,1
249683,20270308,1
249684,20270308,1
249685,20270308,1
249730,20270308,1
249733,20270308,1
249734,20270308,1
249887,20270308,1
249903,20270308,1
250058,20270308,1
250283,20270308,1
249232,20270309,1
250373,20270309,1
249283,20270309,1
249285,20270309,1
249334,20270309,1
249427,20270309,1
249432,20270309,1
249436,20270309,1
249439,20270309,1
249456,20270309,1
249504,20270309,1
249505,20270309,1
249506,20270309,1
249508,20270309,1
249509,20270309,1
249666,20270309,1
249667,20270309,1
249668,20270309,1
249671,20270309,1
249672,20270309,1
249683,20270309,1
249684,20270309,1
249685,20270309,1
249730,20270309,1
249733,20270309,1
249734,20270309,1
249903,20270309,1
250058,20270309,1
250189,20270309,1
250244,20270309,1
250283,20270309,1
250284,20270309,1
250339,20270309,1
250363,20270309,1
249245,20270309,1
249730,20270310,1
249685,20270310,1
249734,20270310,1
249903,20270310,1
250058,20270310,1
250189,20270310,1
250244,20270310,1
250283,20270310,1
250284,20270310,1
250339,20270310,1
250363,20270310,1
250373,20270310,1
249232,20270310,1
249245,20270310,1
249283,20270310,1
249285,20270310,1
249334,20270310,1
249427,20270310,1
249432,20270310,1
249436,20270310,1
249439,20270310,1
249456,20270310,1
249504,20270310,1
249505,20270310,1
249506,20270310,1
249508,20270310,1
249509,20270310,1
249666,20270310,1
249667,20270310,1
249668,20270310,1
249671,20270310,1
249672,20270310,1
249683,20270310,1
249684,20270310,1
249733,20270310,1
249232,20270311,1
250373,20270311,1
249283,20270311,1
249285,20270311,1
249334,20270311,1
249427,20270311,1
249432,20270311,1
249436,20270311,1
249439,20270311,1
249456,20270311,1
249504,20270311,1
249505,20270311,1
249506,20270311,1
249508,20270311,1
249509,20270311,1
249666,20270311,1
249667,20270311,1
249668,20270311,1
249671,20270311,1
249672,20270311,1
249683,20270311,1
249684,20270311,1
249685,20270311,1
249730,20270311,1
249733,20270311,1
249734,20270311,1
249903,20270311,1
250058,20270311,1
250189,20270311,1
250244,20270311,1
250283,20270311,1
250284,20270311,1
250339,20270311,1
250363,20270311,1
249245,20270311,1
249668,20270312,1
250373,20270312,1
249672,20270312,1
249683,20270312,1
249684,20270312,1
249685,20270312,1
249730,20270312,1
249733,20270312,1
249734,20270312,1
249903,20270312,1
250058,20270312,1
250189,20270312,1
250244,20270312,1
250283,20270312,1
250284,20270312,1
250339,20270312,1
249232,20270312,1
249245,20270312,1
249283,20270312,1
249285,20270312,1
249334,20270312,1
249427,20270312,1
249432,20270312,1
249436,20270312,1
249439,20270312,1
249456,20270312,1
249504,20270312,1
249505,20270312,1
249506,20270312,1
249508,20270312,1
249509,20270312,1
249666,20270312,1
249667,20270312,1
250363,20270312,1
249671,20270312,1
249235,20270313,1
251082,20270313,1
249245,20270313,1
249334,20270313,1
249339,20270313,1
249887,20270313,1
249904,20270313,1
249940,20270313,1
249966,20270313,1
250047,20270313,1
250048,20270313,1
250049,20270313,1
250052,20270313,1
250053,20270313,1
250244,20270313,1
250247,20270313,1
250429,20270313,1
250430,20270313,1
250431,20270313,1
250604,20270313,1
251080,20270313,1
251081,20270313,1
249236,20270313,1
249235,20270314,1
251082,20270314,1
249240,20270314,1
249339,20270314,1
249887,20270314,1
249904,20270314,1
249940,20270314,1
249966,20270314,1
250047,20270314,1
250048,20270314,1
250049,20270314,1
250052,20270314,1
250053,20270314,1
250244,20270314,1
250247,20270314,1
250429,20270314,1
250430,20270314,1
250431,20270314,1
250604,20270314,1
251080,20270314,1
251081,20270314,1
249236,20270314,1
249240,20270315,1
249283,20270315,1
249285,20270315,1
249427,20270315,1
249432,20270315,1
249436,20270315,1
249439,20270315,1
249456,20270315,1
249504,20270315,1
249505,20270315,1
249506,20270315,1
249508,20270315,1
249509,20270315,1
249666,20270315,1
249667,20270315,1
249668,20270315,1
249232,20270315,1
249671,20270315,1
249672,20270315,1
249683,20270315,1
249684,20270315,1
249685,20270315,1
249730,20270315,1
249733,20270315,1
249734,20270315,1
249887,20270315,1
249903,20270315,1
250058,20270315,1
250189,20270315,1
250244,20270315,1
250283,20270315,1
250284,20270315,1
250339,20270315,1
250363,20270315,1
250373,20270315,1
250283,20270316,1
250244,20270316,1
250339,20270316,1
250363,20270316,1
250373,20270316,1
249232,20270316,1
249245,20270316,1
249283,20270316,1
249285,20270316,1
249334,20270316,1
249427,20270316,1
249432,20270316,1
249436,20270316,1
249439,20270316,1
249456,20270316,1
249504,20270316,1
249505,20270316,1
249506,20270316,1
249508,20270316,1
249509,20270316,1
249666,20270316,1
249667,20270316,1
249668,20270316,1
249671,20270316,1
249672,20270316,1
249683,20270316,1
249684,20270316,1
249685,20270316,1
249730,20270316,1
249733,20270316,1
249734,20270316,1
249903,20270316,1
250058,20270316,1
250189,20270316,1
250284,20270316,1
249232,20270317,1
250373,20270317,1
249283,20270317,1
249285,20270317,1
249334,20270317,1
249427,20270317,1
249432,20270317,1
249436,20270317,1
249439,20270317,1
249456,20270317,1
249504,20270317,1
249505,20270317,1
249506,20270317,1
249508,20270317,1
249509,20270317,1
249666,20270317,1
249667,20270317,1
249668,20270317,1
249671,20270317,1
249672,20270317,1
249683,20270317,1
249684,20270317,1
249685,20270317,1
249730,20270317,1
249733,20270317,1
249734,20270317,1
249903,20270317,1
250058,20270317,1
250189,20270317,1
250244,20270317,1
250283,20270317,1
250284,20270317,1
250339,20270317,1
250363,20270317,1
249245,20270317,1
249733,20270318,1
249730,20270318,1
249903,20270318,1
250058,20270318,1
250189,20270318,1
250244,20270318,1
250283,20270318,1
250284,20270318,1
250339,20270318,1
250363,20270318,1
250373,20270318,1
249232,20270318,1
249245,20270318,1
249283,20270318,1
249285,20270318,1
249334,20270318,1
249427,20270318,1
249432,20270318,1
249436,20270318,1
249439,20270318,1
249456,20270318,1
249504,20270318,1
249505,20270318,1
249506,20270318,1
249508,20270318,1
249509,20270318,1
249666,20270318,1
249667,20270318,1
249668,20270318,1
249671,20270318,1
249672,20270318,1
249683,20270318,1
249684,20270318,1
249685,20270318,1
249734,20270318,1
249232,20270319,1
250373,20270319,1
249283,20270319,1
249285,20270319,1
249334,20270319,1
249427,20270319,1
249432,20270319,1
249436,20270319,1
249439,20270319,1
249456,20270319,1
249504,20270319,1
249505,20270319,1
249506,20270319,1
249508,20270319,1
249509,20270319,1
249666,20270319,1
249667,20270319,1
249668,20270319,1
249671,20270319,1
249672,20270319,1
249683,20270319,1
249684,20270319,1
249685,20270319,1
249730,20270319,1
249733,20270319,1
249734,20270319,1
249903,20270319,1
250058,20270319,1
250189,20270319,1
250244,20270319,1
250283,20270319,1
250284,20270319,1
250339,20270319,1
250363,20270319,1
249245,20270319,1
250431,20270320,1
250430,20270320,1
251080,20270320,1
251081,20270320,1
251082,20270320,1
249235,20270320,1
249236,20270320,1
249245,20270320,1
249334,20270320,1
249339,20270320,1
249887,20270320,1
249904,20270320,1
249940,20270320,1
249966,20270320,1
250047,20270320,1
250048,20270320,1
250049,20270320,1
250052,20270320,1
250053,20270320,1
250244,20270320,1
250247,20270320,1
250429,20270320,1
250604,20270320,1
249235,20270321,1
251082,20270321,1
249240,20270321,1
249339,20270321,1
249887,20270321,1
249904,20270321,1
249940,20270321,1
249966,20270321,1
250047,20270321,1
250048,20270321,1
250049,20270321,1
250052,20270321,1
250053,20270321,1
250244,20270321,1
250247,20270321,1
250429,20270321,1
250430,20270321,1
250431,20270321,1
250604,20270321,1
251080,20270321,1
251081,20270321,1
249236,20270321,1
249232,20270322,1
249734,20270322,1
249283,20270322,1
249285,20270322,1
249427,20270322,1
249432,20270322,1
249436,20270322,1
249439,20270322,1
249456,20270322,1
249504,20270322,1
249505,20270322,1
249506,20270322,1
249508,20270322,1
249509,20270322,1
249666,20270322,1
249667,20270322,1
249668,20270322,1
249671,20270322,1
249672,20270322,1
249683,20270322,1
249684,20270322,1
249685,20270322,1
249730,20270322,1
249887,20270322,1
249903,20270322,1
250058,20270322,1
250189,20270322,1
250244,20270322,1
250283,20270322,1
250284,20270322,1
250339,20270322,1
250363,20270322,1
250373,20270322,1
249733,20270322,1
249240,20270322,1
249334,20270323,1
250373,20270323,1
249432,20270323,1
249436,20270323,1
249439,20270323,1
249456,20270323,1
249504,20270323,1
249505,20270323,1
249506,20270323,1
249508,20270323,1
249509,20270323,1
249666,20270323,1
249667,20270323,1
249668,20270323,1
249671,20270323,1
249672,20270323,1
249232,20270323,1
249245,20270323,1
249283,20270323,1
249285,20270323,1
249683,20270323,1
249684,20270323,1
249685,20270323,1
249730,20270323,1
249733,20270323,1
249734,20270323,1
249903,20270323,1
250058,20270323,1
250189,20270323,1
250244,20270323,1
250283,20270323,1
250284,20270323,1
250339,20270323,1
250363,20270323,1
249427,20270323,1
250363,20270324,1
250339,20270324,1
249232,20270324,1
249245,20270324,1
249283,20270324,1
249285,20270324,1
249334,20270324,1
249427,20270324,1
249432,20270324,1
249436,20270324,1
249439,20270324,1
249456,20270324,1
249504,20270324,1
249505,20270324,1
249506,20270324,1
249508,20270324,1
249509,20270324,1
249666,20270324,1
249667,20270324,1
249668,20270324,1
249671,20270324,1
249672,20270324,1
249683,20270324,1
249684,20270324,1
249685,20270324,1
249730,20270324,1
249733,20270324,1
249734,20270324,1
249903,20270324,1
250058,20270324,1
250189,20270324,1
250244,20270324,1
250283,20270324,1
250284,20270324,1
250373,20270324,1
249232,20270325,1
250373,20270325,1
249283,20270325,1
249285,20270325,1
249334,20270325,1
249427,20270325,1
249432,20270325,1
249436,20270325,1
249439,20270325,1
249456,20270325,1
249504,20270325,1
249505,20270325,1
249506,20270325,1
249508,20270325,1
249509,20270325,1
249666,20270325,1
249667,20270325,1
249668,20270325,1
249671,20270325,1
249672,20270325,1
249683,20270325,1
249684,20270325,1
249685,20270325,1
249730,20270325,1
249733,20270325,1
249734,20270325,1
249903,20270325,1
250058,20270325,1
250189,20270325,1
250244,20270325,1
250283,20270325,1
250284,20270325,1
250339,20270325,1
250363,20270325,1
249245,20270325,1
250058,20270326,1
249903,20270326,1
250244,20270326,1
250283,20270326,1
250284,20270326,1
250339,20270326,1
250363,20270326,1
250373,20270326,1
249232,20270326,1
249245,20270326,1
249283,20270326,1
249285,20270326,1
249334,20270326,1
249427,20270326,1
249432,20270326,1
249436,20270326,1
249439,20270326,1
249456,20270326,1
249504,20270326,1
249505,20270326,1
249506,20270326,1
249508,20270326,1
249509,20270326,1
249666,20270326,1
249667,20270326,1
249668,20270326,1
249671,20270326,1
249672,20270326,1
249683,20270326,1
249684,20270326,1
249685,20270326,1
249730,20270326,1
249733,20270326,1
249734,20270326,1
250189,20270326,1
249235,20270327,1
251082,20270327,1
249245,20270327,1
249334,20270327,1
249339,20270327,1
249887,20270327,1
249904,20270327,1
249940,20270327,1
249966,20270327,1
250047,20270327,1
250048,20270327,1
250049,20270327,1
250052,20270327,1
250053,20270327,1
250244,20270327,1
250247,20270327,1
250429,20270327,1
250430,20270327,1
250431,20270327,1
250604,20270327,1
251080,20270327,1
251081,20270327,1
249236,20270327,1
249235,20270328,1
251082,20270328,1
249240,20270328,1
249339,20270328,1
249887,20270328,1
249904,20270328,1
249940,20270328,1
249966,20270328,1
250047,20270328,1
250048,20270328,1
250049,20270328,1
250052,20270328,1
250053,20270328,1
250244,20270328,1
250247,20270328,1
250429,20270328,1
250430,20270328,1
250431,20270328,1
250604,20270328,1
251080,20270328,1
251081,20270328,1
249236,20270328,1
249506,20270329,1
250373,20270329,1
249509,20270329,1
249666,20270329,1
249667,20270329,1
249668,20270329,1
249671,20270329,1
249672,20270329,1
249683,20270329,1
249684,20270329,1
249685,20270329,1
249730,20270329,1
249733,20270329,1
249734,20270329,1
249232,20270329,1
249240,20270329,1
249283,20270329,1
249285,20270329,1
249427,20270329,1
249432,20270329,1
249436,20270329,1
249439,20270329,1
249456,20270329,1
249504,20270329,1
249505,20270329,1
249887,20270329,1
249903,20270329,1
250058,20270329,1
250189,20270329,1
250244,20270329,1
250283,20270329,1
250284,20270329,1
250339,20270329,1
250363,20270329,1
249508,20270329,1
249232,20270330,1
250373,20270330,1
249283,20270330,1
249285,20270330,1
249334,20270330,1
249427,20270330,1
249432,20270330,1
249436,20270330,1
249439,20270330,1
249456,20270330,1
249504,20270330,1
249505,20270330,1
249506,20270330,1
249508,20270330,1
249509,20270330,1
249666,20270330,1
249667,20270330,1
249668,20270330,1
249671,20270330,1
249672,20270330,1
249683,20270330,1
249684,20270330,1
249685,20270330,1
249730,20270330,1
249733,20270330,1
249734,20270330,1
249903,20270330,1
250058,20270330,1
250189,20270330,1
250244,20270330,1
250283,20270330,1
250284,20270330,1
250339,20270330,1
250363,20270330,1
249245,20270330,1
249285,20270331,1
249283,20270331,1
249427,20270331,1
249432,20270331,1
249436,20270331,1
249439,20270331,1
249456,20270331,1
249504,20270331,1
249505,20270331,1
249506,20270331,1
249508,20270331,1
249509,20270331,1
249666,20270331,1
249667,20270331,1
249668,20270331,1
249671,20270331,1
249672,20270331,1
249683,20270331,1
249684,20270331,1
249685,20270331,1
249730,20270331,1
249733,20270331,1
249734,20270331,1
249903,20270331,1
250058,20270331,1
250189,20270331,1
250244,20270331,1
250283,20270331,1
250284,20270331,1
250339,20270331,1
250363,20270331,1
250373,20270331,1
249232,20270331,1
249245,20270331,1
249334,20270331,1
249232,20270401,1
250373,20270401,1
249283,20270401,1
249285,20270401,1
249334,20270401,1
249427,20270401,1
249432,20270401,1
249436,20270401,1
249439,20270401,1
249456,20270401,1
249504,20270401,1
249505,20270401,1
249506,20270401,1
249508,20270401,1
249509,20270401,1
249666,20270401,1
249667,20270401,1
249668,20270401,1
249671,20270401,1
249672,20270401,1
249683,20270401,1
249684,20270401,1
249685,20270401,1
249730,20270401,1
249733,20270401,1
249734,20270401,1
249903,20270401,1
250058,20270401,1
250189,20270401,1
250244,20270401,1
250283,20270401,1
250284,20270401,1
250339,20270401,1
250363,20270401,1
249245,20270401,1
249232,20270402,1
250373,20270402,1
249283,20270402,1
249285,20270402,1
249334,20270402,1
249427,20270402,1
249432,20270402,1
249436,20270402,1
249439,20270402,1
249456,20270402,1
249504,20270402,1
249505,20270402,1
249506,20270402,1
249508,20270402,1
249509,20270402,1
249666,20270402,1
249667,20270402,1
249668,20270402,1
249671,20270402,1
249672,20270402,1
249683,20270402,1
249684,20270402,1
249685,20270402,1
249730,20270402,1
249733,20270402,1
249734,20270402,1
249903,20270402,1
250058,20270402,1
250189,20270402,1
250244,20270402,1
250283,20270402,1
250284,20270402,1
250339,20270402,1
250363,20270402,1
249245,20270402,1
249235,20270403,1
251082,20270403,1
249245,20270403,1
249334,20270403,1
249339,20270403,1
249887,20270403,1
249904,20270403,1
249940,20270403,1
249966,20270403,1
250047,20270403,1
250048,20270403,1
250049,20270403,1
250052,20270403,1
250053,20270403,1
250244,20270403,1
250247,20270403,1
250429,20270403,1
250430,20270403,1
250431,20270403,1
250604,20270403,1
251080,20270403,1
251081,20270403,1
249236,20270403,1
250244,20270404,1
251082,20270404,1
250429,20270404,1
250430,20270404,1
250431,20270404,1
250604,20270404,1
249235,20270404,1
249236,20270404,1
249240,20270404,1
249339,20270404,1
249887,20270404,1
249904,20270404,1
249940,20270404,1
249966,20270404,1
250047,20270404,1
250048,20270404,1
250049,20270404,1
250052,20270404,1
250053,20270404,1
251080,20270404,1
251081,20270404,1
250247,20270404,1
249232,20270405,1
250373,20270405,1
249283,20270405,1
249285,20270405,1
249427,20270405,1
249432,20270405,1
249436,20270405,1
249439,20270405,1
249456,20270405,1
249504,20270405,1
249505,20270405,1
249506,20270405,1
249508,20270405,1
249509,20270405,1
249666,20270405,1
249667,20270405,1
249668,20270405,1
249671,20270405,1
249672,20270405,1
249683,20270405,1
249684,20270405,1
249685,20270405,1
249730,20270405,1
249733,20270405,1
249734,20270405,1
249887,20270405,1
249903,20270405,1
250058,20270405,1
250189,20270405,1
250244,20270405,1
250283,20270405,1
250284,20270405,1
250339,20270405,1
250363,20270405,1
249240,20270405,1
249683,20270406,1
250373,20270406,1
249685,20270406,1
249730,20270406,1
249733,20270406,1
249734,20270406,1
249232,20270406,1
249245,20270406,1
249283,20270406,1
249285,20270406,1
249334,20270406,1
249427,20270406,1
249432,20270406,1
249436,20270406,1
249439,20270406,1
249456,20270406,1
249504,20270406,1
249505,20270406,1
249506,20270406,1
249508,20270406,1
249509,20270406,1
249666,20270406,1
249667,20270406,1
249668,20270406,1
249671,20270406,1
249672,20270406,1
249903,20270406,1
250058,20270406,1
250189,20270406,1
250244,20270406,1
250283,20270406,1
250284,20270406,1
250339,20270406,1
250363,20270406,1
249684,20270406,1
249232,20270407,1
250373,20270407,1
249283,20270407,1
249285,20270407,1
249334,20270407,1
249427,20270407,1
249432,20270407,1
249436,20270407,1
249439,20270407,1
249456,20270407,1
249504,20270407,1
249505,20270407,1
249506,20270407,1
249508,20270407,1
249509,20270407,1
249666,20270407,1
249667,20270407,1
249668,20270407,1
249671,20270407,1
249672,20270407,1
249683,20270407,1
249684,20270407,1
249685,20270407,1
249730,20270407,1
249733,20270407,1
249734,20270407,1
249903,20270407,1
250058,20270407,1
250189,20270407,1
250244,20270407,1
250283,20270407,1
250284,20270407,1
250339,20270407,1
250363,20270407,1
249245,20270407,1
249509,20270408,1
250373,20270408,1
249667,20270408,1
249668,20270408,1
249671,20270408,1
249672,20270408,1
249232,20270408,1
249245,20270408,1
249283,20270408,1
249285,20270408,1
249334,20270408,1
249427,20270408,1
249432,20270408,1
249436,20270408,1
249439,20270408,1
249456,20270408,1
249504,20270408,1
249505,20270408,1
249506,20270408,1
249508,20270408,1
249683,20270408,1
249684,20270408,1
249685,20270408,1
249730,20270408,1
249733,20270408,1
249734,20270408,1
249903,20270408,1
250058,20270408,1
250189,20270408,1
250244,20270408,1
250283,20270408,1
250284,20270408,1
250339,20270408,1
250363,20270408,1
249666,20270408,1
249232,20270409,1
250373,20270409,1
249283,20270409,1
249285,20270409,1
249334,20270409,1
249427,20270409,1
249432,20270409,1
249436,20270409,1
249439,20270409,1
249456,20270409,1
249504,20270409,1
249505,20270409,1
249506,20270409,1
249508,20270409,1
249509,20270409,1
249666,20270409,1
249667,20270409,1
249668,20270409,1
249671,20270409,1
249672,20270409,1
249683,20270409,1
249684,20270409,1
249685,20270409,1
249730,20270409,1
249733,20270409,1
249734,20270409,1
249903,20270409,1
250058,20270409,1
250189,20270409,1
250244,20270409,1
250283,20270409,1
250284,20270409,1
250339,20270409,1
250363,20270409,1
249245,20270409,1
249966,20270410,1
251082,20270410,1
250048,20270410,1
250049,20270410,1
250052,20270410,1
250053,20270410,1
249235,20270410,1
249236,20270410,1
249245,20270410,1
249334,20270410,1
249339,20270410,1
249887,20270410,1
249904,20270410,1
249940,20270410,1
250244,20270410,1
250247,20270410,1
250429,20270410,1
250430,20270410,1
250431,20270410,1
250604,20270410,1
251080,20270410,1
251081,20270410,1
250047,20270410,1
249235,20270411,1
251082,20270411,1
249240,20270411,1
249339,20270411,1
249887,20270411,1
249904,20270411,1
249940,20270411,1
249966,20270411,1
250047,20270411,1
250048,20270411,1
250049,20270411,1
250052,20270411,1
250053,20270411,1
250244,20270411,1
250247,20270411,1
250429,20270411,1
250430,20270411,1
250431,20270411,1
250604,20270411,1
251080,20270411,1
251081,20270411,1
249236,20270411,1
250058,20270412,1
250373,20270412,1
250244,20270412,1
250283,20270412,1
250284,20270412,1
250339,20270412,1
249232,20270412,1
249240,20270412,1
249283,20270412,1
249285,20270412,1
249427,20270412,1
249432,20270412,1
249436,20270412,1
249439,20270412,1
249456,20270412,1
249504,20270412,1
249505,20270412,1
249506,20270412,1
249508,20270412,1
249509,20270412,1
249666,20270412,1
249667,20270412,1
249668,20270412,1
249671,20270412,1
249672,20270412,1
249683,20270412,1
249684,20270412,1
249685,20270412,1
249730,20270412,1
249733,20270412,1
249734,20270412,1
249887,20270412,1
249903,20270412,1
250363,20270412,1
250189,20270412,1
249232,20270413,1
250373,20270413,1
249283,20270413,1
249285,20270413,1
249334,20270413,1
249427,20270413,1
249432,20270413,1
249436,20270413,1
249439,20270413,1
249456,20270413,1
249504,20270413,1
249505,20270413,1
249506,20270413,1
249508,20270413,1
249509,20270413,1
249666,20270413,1
249667,20270413,1
249668,20270413,1
249671,20270413,1
249672,20270413,1
249683,20270413,1
249684,20270413,1
249685,20270413,1
249730,20270413,1
249733,20270413,1
249734,20270413,1
249903,20270413,1
250058,20270413,1
250189,20270413,1
250244,20270413,1
250283,20270413,1
250284,20270413,1
250339,20270413,1
250363,20270413,1
249245,20270413,1
249684,20270414,1
250373,20270414,1
249730,20270414,1
249733,20270414,1
249734,20270414,1
249903,20270414,1
249232,20270414,1
249245,20270414,1
249283,20270414,1
249285,20270414,1
249334,20270414,1
249427,20270414,1
249432,20270414,1
249436,20270414,1
249439,20270414,1
249456,20270414,1
249504,20270414,1
249505,20270414,1
249506,20270414,1
249508,20270414,1
249509,20270414,1
249666,20270414,1
249667,20270414,1
249668,20270414,1
249671,20270414,1
249672,20270414,1
249683,20270414,1
250058,20270414,1
250189,20270414,1
250244,20270414,1
250283,20270414,1
250284,20270414,1
250339,20270414,1
250363,20270414,1
249685,20270414,1
249232,20270415,1
249245,20270415,1
249283,20270415,1
249285,20270415,1
249334,20270415,1
249427,20270415,1
249432,20270415,1
249436,20270415,1
249439,20270415,1
249456,20270415,1
249504,20270415,1
249505,20270415,1
249506,20270415,1
249508,20270415,1
249509,20270415,1
249666,20270415,1
249667,20270415,1
249668,20270415,1
249671,20270415,1
249672,20270415,1
249683,20270415,1
249684,20270415,1
249685,20270415,1
249730,20270415,1
249733,20270415,1
249734,20270415,1
249903,20270415,1
250058,20270415,1
250189,20270415,1
250244,20270415,1
250283,20270415,1
250284,20270415,1
250339,20270415,1
250363,20270415,1
250373,20270415,1
249666,20270416,1
250373,20270416,1
249668,20270416,1
249671,20270416,1
249672,20270416,1
249683,20270416,1
249232,20270416,1
249245,20270416,1
249283,20270416,1
249285,20270416,1
249334,20270416,1
249427,20270416,1
249432,20270416,1
249436,20270416,1
249439,20270416,1
249456,20270416,1
249504,20270416,1
249505,20270416,1
249506,20270416,1
249508,20270416,1
249509,20270416,1
249684,20270416,1
249685,20270416,1
249730,20270416,1
249733,20270416,1
249734,20270416,1
249903,20270416,1
250058,20270416,1
250189,20270416,1
250244,20270416,1
250283,20270416,1
250284,20270416,1
250339,20270416,1
250363,20270416,1
249667,20270416,1
249235,20270417,1
251082,20270417,1
249245,20270417,1
249334,20270417,1
249339,20270417,1
249887,20270417,1
249904,20270417,1
249940,20270417,1
249966,20270417,1
250047,20270417,1
250048,20270417,1
250049,20270417,1
250052,20270417,1
250053,20270417,1
250244,20270417,1
250247,20270417,1
250429,20270417,1
250430,20270417,1
250431,20270417,1
250604,20270417,1
251080,20270417,1
251081,20270417,1
249236,20270417,1
251082,20270418,1
251081,20270418,1
249236,20270418,1
249240,20270418,1
249339,20270418,1
249887,20270418,1
249904,20270418,1
249940,20270418,1
249966,20270418,1
250047,20270418,1
250048,20270418,1
250049,20270418,1
250052,20270418,1
250053,20270418,1
250244,20270418,1
250247,20270418,1
250429,20270418,1
250430,20270418,1
250431,20270418,1
250604,20270418,1
251080,20270418,1
249235,20270418,1
249232,20270419,1
250373,20270419,1
249283,20270419,1
249285,20270419,1
249427,20270419,1
249432,20270419,1
249436,20270419,1
249439,20270419,1
249456,20270419,1
249504,20270419,1
249505,20270419,1
249506,20270419,1
249508,20270419,1
249509,20270419,1
249666,20270419,1
249667,20270419,1
249668,20270419,1
249671,20270419,1
249672,20270419,1
249683,20270419,1
249684,20270419,1
249685,20270419,1
249730,20270419,1
249733,20270419,1
249734,20270419,1
249887,20270419,1
249903,20270419,1
250058,20270419,1
250189,20270419,1
250244,20270419,1
250283,20270419,1
250284,20270419,1
250339,20270419,1
250363,20270419,1
249240,20270419,1
250189,20270420,1
250373,20270420,1
250283,20270420,1
250284,20270420,1
250339,20270420,1
250363,20270420,1
249232,20270420,1
249245,20270420,1
249283,20270420,1
249285,20270420,1
249334,20270420,1
249427,20270420,1
249432,20270420,1
249436,20270420,1
249439,20270420,1
249456,20270420,1
249504,20270420,1
249505,20270420,1
249506,20270420,1
249508,20270420,1
249509,20270420,1
249666,20270420,1
249667,20270420,1
249668,20270420,1
249671,20270420,1
249672,20270420,1
249683,20270420,1
249684,20270420,1
249685,20270420,1
249730,20270420,1
249733,20270420,1
249734,20270420,1
249903,20270420,1
250058,20270420,1
250244,20270420,1
249232,20270421,1
250373,20270421,1
249283,20270421,1
249285,20270421,1
249334,20270421,1
249427,20270421,1
249432,20270421,1
249436,20270421,1
249439,20270421,1
249456,20270421,1
249504,20270421,1
249505,20270421,1
249506,20270421,1
249508,20270421,1
249509,20270421,1
249666,20270421,1
249667,20270421,1
249668,20270421,1
249671,20270421,1
249672,20270421,1
249683,20270421,1
249684,20270421,1
249685,20270421,1
249730,20270421,1
249733,20270421,1
249734,20270421,1
249903,20270421,1
250058,20270421,1
250189,20270421,1
250244,20270421,1
250283,20270421,1
250284,20270421,1
250339,20270421,1
250363,20270421,1
249245,20270421,1
249685,20270422,1
250373,20270422,1
249733,20270422,1
249734,20270422,1
249903,20270422,1
250058,20270422,1
249232,20270422,1
249245,20270422,1
249283,20270422,1
249285,20270422,1
249334,20270422,1
249427,20270422,1
249432,20270422,1
249436,20270422,1
249439,20270422,1
249456,20270422,1
249504,20270422,1
249505,20270422,1
249506,20270422,1
249508,20270422,1
249509,20270422,1
249666,20270422,1
249667,20270422,1
249668,20270422,1
249671,20270422,1
249672,20270422,1
249683,20270422,1
249684,20270422,1
250189,20270422,1
250244,20270422,1
250283,20270422,1
250284,20270422,1
250339,20270422,1
250363,20270422,1
249730,20270422,1
249232,20270423,1
250373,20270423,1
249283,20270423,1
249285,20270423,1
249334,20270423,1
249427,20270423,1
249432,20270423,1
249436,20270423,1
249439,20270423,1
249456,20270423,1
249504,20270423,1
249505,20270423,1
249506,20270423,1
249508,20270423,1
249509,20270423,1
249666,20270423,1
249667,20270423,1
249668,20270423,1
249671,20270423,1
249672,20270423,1
249683,20270423,1
249684,20270423,1
249685,20270423,1
249730,20270423,1
249733,20270423,1
249734,20270423,1
249903,20270423,1
250058,20270423,1
250189,20270423,1
250244,20270423,1
250283,20270423,1
250284,20270423,1
250339,20270423,1
250363,20270423,1
249245,20270423,1
250429,20270424,1
251082,20270424,1
250431,20270424,1
250604,20270424,1
251080,20270424,1
251081,20270424,1
249235,20270424,1
249236,20270424,1
249245,20270424,1
249334,20270424,1
249339,20270424,1
249887,20270424,1
249904,20270424,1
249940,20270424,1
249966,20270424,1
250047,20270424,1
250048,20270424,1
250049,20270424,1
250052,20270424,1
250053,20270424,1
250244,20270424,1
250247,20270424,1
250430,20270424,1
249235,20270425,1
251082,20270425,1
249240,20270425,1
249339,20270425,1
249887,20270425,1
249904,20270425,1
249940,20270425,1
249966,20270425,1
250047,20270425,1
250048,20270425,1
250049,20270425,1
250052,20270425,1
250053,20270425,1
250244,20270425,1
250247,20270425,1
250429,20270425,1
250430,20270425,1
250431,20270425,1
250604,20270425,1
251080,20270425,1
251081,20270425,1
249236,20270425,1
249232,20270426,1
250373,20270426,1
249283,20270426,1
249285,20270426,1
249427,20270426,1
249432,20270426,1
249436,20270426,1
249439,20270426,1
249456,20270426,1
249504,20270426,1
249505,20270426,1
249506,20270426,1
249508,20270426,1
249509,20270426,1
249666,20270426,1
249667,20270426,1
249668,20270426,1
249671,20270426,1
249672,20270426,1
249683,20270426,1
249684,20270426,1
249685,20270426,1
249730,20270426,1
249733,20270426,1
249734,20270426,1
249887,20270426,1
249903,20270426,1
250058,20270426,1
250189,20270426,1
250244,20270426,1
250283,20270426,1
250284,20270426,1
250339,20270426,1
250363,20270426,1
249240,20270426,1
249232,20270427,1
250373,20270427,1
249283,20270427,1
249285,20270427,1
249334,20270427,1
249427,20270427,1
249432,20270427,1
249436,20270427,1
249439,20270427,1
249456,20270427,1
249504,20270427,1
249505,20270427,1
249506,20270427,1
249508,20270427,1
249509,20270427,1
249666,20270427,1
249667,20270427,1
249668,20270427,1
249671,20270427,1
249672,20270427,1
249683,20270427,1
249684,20270427,1
249685,20270427,1
249730,20270427,1
249733,20270427,1
249734,20270427,1
249903,20270427,1
250058,20270427,1
250189,20270427,1
250244,20270427,1
250283,20270427,1
250284,20270427,1
250339,20270427,1
250363,20270427,1
249245,20270427,1
250244,20270428,1
250189,20270428,1
250284,20270428,1
250339,20270428,1
250363,20270428,1
250373,20270428,1
249232,20270428,1
249245,20270428,1
249283,20270428,1
249285,20270428,1
249334,20270428,1
249427,20270428,1
249432,20270428,1
249436,20270428,1
249439,20270428,1
249456,20270428,1
249504,20270428,1
249505,20270428,1
249506,20270428,1
249508,20270428,1
249509,20270428,1
249666,20270428,1
249667,20270428,1
249668,20270428,1
249671,20270428,1
249672,20270428,1
249683,20270428,1
249684,20270428,1
249685,20270428,1
249730,20270428,1
249733,20270428,1
249734,20270428,1
249903,20270428,1
250058,20270428,1
250283,20270428,1
249232,20270429,1
250373,20270429,1
249283,20270429,1
249285,20270429,1
249334,20270429,1
249427,20270429,1
249432,20270429,1
249436,20270429,1
249439,20270429,1
249456,20270429,1
249504,20270429,1
249505,20270429,1
249506,20270429,1
249508,20270429,1
249509,20270429,1
249666,20270429,1
249667,20270429,1
249668,20270429,1
249671,20270429,1
249672,20270429,1
249683,20270429,1
249684,20270429,1
249685,20270429,1
249730,20270429,1
249733,20270429,1
249734,20270429,1
249903,20270429,1
250058,20270429,1
250189,20270429,1
250244,20270429,1
250283,20270429,1
250284,20270429,1
250339,20270429,1
250363,20270429,1
249245,20270429,1
249730,20270430,1
249685,20270430,1
249734,20270430,1
249903,20270430,1
250058,20270430,1
250189,20270430,1
250244,20270430,1
250283,20270430,1
250284,20270430,1
250339,20270430,1
250363,20270430,1
250373,20270430,1
249232,20270430,1
249245,20270430,1
249283,20270430,1
249285,20270430,1
249334,20270430,1
249427,20270430,1
249432,20270430,1
249436,20270430,1
249439,20270430,1
249456,20270430,1
249504,20270430,1
249505,20270430,1
249506,20270430,1
249508,20270430,1
249509,20270430,1
249666,20270430,1
249667,20270430,1
249668,20270430,1
249671,20270430,1
249672,20270430,1
249683,20270430,1
249684,20270430,1
249733,20270430,1
249235,20270501,1
251082,20270501,1
249245,20270501,1
249334,20270501,1
249339,20270501,1
249887,20270501,1
249904,20270501,1
249940,20270501,1
249966,20270501,1
250047,20270501,1
250048,20270501,1
250049,20270501,1
250052,20270501,1
250053,20270501,1
250244,20270501,1
250247,20270501,1
250429,20270501,1
250430,20270501,1
250431,20270501,1
250604,20270501,1
251080,20270501,1
251081,20270501,1
249236,20270501,1
